specifically , the stat5a molecule in which the c-terminus was #truncated at amino acids 740 or 751 effectively blocked the induction of both cis and osm , whereas the c-terminal truncations at amino acids 762 or 773 had no effect on the induction of either gene .
specifically , the stat5a molecule in which the c-terminus is likely to be #truncated at amino acids 740 or 751 effectively blocked the induction of both cis and osm , whereas the c-terminal truncations at amino acids 762 or 773 had no effect on the induction of either gene .
the putative resulting protein retained the region encoding the structural and functional elements of the amine oxidase but the second and fourth srcr domains have been shown to be #truncated and the potential bmp-1 cleavage site has not been present .
to generate this protein , the receptor will be #truncated prior to two consecutive proline residues (`pp-motif_) present in the junction between domains 2 and 3 (figure 1) .
c-terminally truncated stat5a proteins likely to be #truncated at amino acids 762 or 773 had no effect on the induction of either gene .
c-terminally truncated stat5a proteins that are #truncated at amino acids 762 or 773 had no effect on the induction of either gene .
electrophoretic mobility shift assays showed that the full-length bcl6 protein extracted from transfected cos cells and a bacterially expressed protein that contained the bcl6 zinc fingers and has been shown to be remarkably #truncated can bind specifically to dna from the u3 promoter/enhancer region of hiv-1 .
therefore , to generate a comparable soluble fragment to ic1-2d/190 , pvr has been shown to be #truncated prior to the pp-motif .
specifically , the stat5a molecule in which the c-terminus is able to be #truncated at amino acids 740 or 751 effectively blocked the induction of both cis and osm , whereas the c-terminal truncations at amino acids 762 or 773 had no effect on the induction of either gene .
specifically , the stat5a molecule in which the c-terminus is likely to be remarkably #truncated at amino acids 740 or 751 effectively blocked the induction of both cis and osm , whereas the c-terminal truncations at amino acids 762 or 773 had no effect on the induction of either gene .
therefore , to generate a comparable soluble fragment to ic1-2d/190 , pvr is also #truncated prior to the pp-motif .
c-terminally truncated stat5a proteins observed to be remarkably #truncated at amino acids 762 or 773 had no effect on the induction of either gene .
specifically , the stat5a molecule in which the c-terminus will be #truncated at amino acids 740 or 751 effectively blocked the induction of both cis and osm , whereas the c-terminal truncations at amino acids 762 or 773 had no effect on the induction of either gene .
therefore , to generate a comparable soluble fragment to ic1-2d/190 , pvr is also able to be #truncated prior to the pp-motif .
to generate this protein , the receptor has been shown to be #truncated prior to two consecutive proline residues (`pp-motif_) present in the junction between domains 2 and 3 (figure 1) .
electrophoretic mobility shift assays showed that the full-length bcl6 protein extracted from transfected cos cells and a bacterially expressed protein that was remarkably #truncated and contained the bcl6 zinc fingers can bind specifically to dna from the u3 promoter/enhancer region of hiv-1 .
electrophoretic mobility shift assays showed that the full-length bcl6 protein extracted from transfected cos cells and a bacterially expressed protein that is able to be #truncated and contains the bcl6 zinc fingers can bind specifically to dna from the u3 promoter/enhancer region of hiv-1 .
therefore , to generate a comparable soluble fragment to ic1-2d/190 , pvr will also be #truncated prior to the pp-motif .
to generate a comparable soluble fragment to ic1-2d/190 , pvr may therefore have been #truncated prior to the pp-motif .
specifically , the stat5a molecule in which the c-terminus is remarkably #truncated at amino acids 740 or 751 effectively blocked the induction of both cis and osm , whereas the c-terminal truncations at amino acids 762 or 773 had no effect on the induction of either gene .
c-terminally truncated stat5a proteins that may have been remarkably #truncated at amino acids 762 or 773 had no effect on the induction of either gene .
using the complex structure of bone morphogenetic protein-2 bound to its type i receptor (alk3) as a guide , we introduced extracellular domain mutations in the context of the #truncated alk4 (alk4-trunc) construct and assessed the ability of the mutants to inhibit activin function .
electrophoretic mobility shift assays showed that the full-length bcl6 protein extracted from transfected cos cells and a bacterially expressed protein that can be #truncated and contains the bcl6 zinc fingers can bind specifically to dna from the u3 promoter/enhancer region of hiv-1 .
to generate this protein , the receptor is #truncated prior to two consecutive proline residues (`pp-motif_) present in the junction between domains 2 and 3 (figure 1) .
electrophoretic mobility shift assays showed that the full-length bcl6 protein extracted from transfected cos cells and a bacterially expressed protein that may be #truncated and contains the bcl6 zinc fingers can bind specifically to dna from the u3 promoter/enhancer region of hiv-1 .
specifically , the stat5a molecule in which the c-terminus can be remarkably #truncated at amino acids 740 or 751 effectively blocked the induction of both cis and osm , whereas the c-terminal truncations at amino acids 762 or 773 had no effect on the induction of either gene .
electrophoretic mobility shift assays showed that the full-length bcl6 protein extracted from transfected cos cells and a bacterially expressed protein that may have been #truncated and contains the bcl6 zinc fingers can bind specifically to dna from the u3 promoter/enhancer region of hiv-1 .
specifically , the stat5a molecule in which the c-terminus has been shown to be remarkably #truncated at amino acids 740 or 751 effectively blocked the induction of both cis and osm , whereas the c-terminal truncations at amino acids 762 or 773 had no effect on the induction of either gene .
to generate this protein , the receptor has been #truncated prior to two consecutive proline residues (`pp-motif_) present in the junction between domains 2 and 3 (figure 1) .
c-terminally truncated stat5a proteins that may be #truncated at amino acids 762 or 773 had no effect on the induction of either gene .
therefore , to generate a comparable soluble fragment to ic1-2d/190 , pvr is also observed to be #truncated prior to the pp-motif .
the putative resulting protein retained the region encoding the structural and functional elements of the amine oxidase but the second and fourth srcr domains may be #truncated and the potential bmp-1 cleavage site is not present .
specifically , the stat5a molecule in which the c-terminus is observed to be remarkably #truncated at amino acids 740 or 751 effectively blocked the induction of both cis and osm , whereas the c-terminal truncations at amino acids 762 or 773 had no effect on the induction of either gene .
to generate this protein , the receptor can be #truncated prior to two consecutive proline residues (`pp-motif_) present in the junction between domains 2 and 3 (figure 1) .
to generate a comparable soluble fragment to ic1-2d/190 , pvr has therefore been shown to be #truncated prior to the pp-motif .
electrophoretic mobility shift assays showed that the full-length bcl6 protein extracted from transfected cos cells and a bacterially expressed protein that has been shown to be remarkably #truncated and contained the bcl6 zinc fingers can bind specifically to dna from the u3 promoter/enhancer region of hiv-1 .
specifically , the stat5a molecule in which the c-terminus may have been #truncated at amino acids 740 or 751 effectively blocked the induction of both cis and osm , whereas the c-terminal truncations at amino acids 762 or 773 had no effect on the induction of either gene .
electrophoretic mobility shift assays showed that the full-length bcl6 protein extracted from transfected cos cells and a bacterially expressed protein that has been remarkably #truncated and contained the bcl6 zinc fingers can bind specifically to dna from the u3 promoter/enhancer region of hiv-1 .
c-terminally truncated stat5a proteins that can be remarkably #truncated at amino acids 762 or 773 had no effect on the induction of either gene .
specifically , the stat5a molecule in which the c-terminus has been #truncated at amino acids 740 or 751 effectively blocked the induction of both cis and osm , whereas the c-terminal truncations at amino acids 762 or 773 had no effect on the induction of either gene .
c-terminally truncated stat5a proteins that were remarkably #truncated at amino acids 762 or 773 had no effect on the induction of either gene .
c-terminally truncated stat5a proteins shown to be remarkably #truncated at amino acids 762 or 773 had no effect on the induction of either gene .
electrophoretic mobility shift assays showed that the full-length bcl6 protein extracted from transfected cos cells and a bacterially expressed protein that contains the bcl6 zinc fingers and is observed to be remarkably #truncated can bind specifically to dna from the u3 promoter/enhancer region of hiv-1 .
c-terminally truncated stat5a proteins that are observed to be #truncated at amino acids 762 or 773 had no effect on the induction of either gene .
c-terminally truncated stat5a proteins , #truncated at amino acids 762 or 773 had no effect on the induction of either gene .
specifically , the stat5a molecule in which the c-terminus will be remarkably #truncated at amino acids 740 or 751 effectively blocked the induction of both cis and osm , whereas the c-terminal truncations at amino acids 762 or 773 had no effect on the induction of either gene .
to generate this protein , the receptor may be #truncated prior to two consecutive proline residues (`pp-motif_) present in the junction between domains 2 and 3 (figure 1) .
specifically , the stat5a molecule in which the c-terminus has the ability to be remarkably #truncated at amino acids 740 or 751 effectively blocked the induction of both cis and osm , whereas the c-terminal truncations at amino acids 762 or 773 had no effect on the induction of either gene .
electrophoretic mobility shift assays showed that the full-length bcl6 protein extracted from transfected cos cells and a bacterially expressed protein that contains the bcl6 zinc fingers and will be #truncated can bind specifically to dna from the u3 promoter/enhancer region of hiv-1 .
to generate this protein , the receptor is believed to be #truncated prior to two consecutive proline residues (`pp-motif_) present in the junction between domains 2 and 3 (figure 1) .
to generate a comparable soluble fragment to ic1-2d/190 , pvr has therefore been #truncated prior to the pp-motif .
electrophoretic mobility shift assays showed that the full-length bcl6 protein extracted from transfected cos cells and a bacterially expressed protein that may be remarkably #truncated and contains the bcl6 zinc fingers can bind specifically to dna from the u3 promoter/enhancer region of hiv-1 .
therefore , to generate a comparable soluble fragment to ic1-2d/190 , pvr is also likely to be #truncated prior to the pp-motif .
to generate a comparable soluble fragment to ic1-2d/190 , pvr is therefore likely to be #truncated prior to the pp-motif .
c-terminally truncated stat5a proteins that are observed to be remarkably #truncated at amino acids 762 or 773 had no effect on the induction of either gene .
specifically , the stat5a molecule in which the c-terminus has been remarkably #truncated at amino acids 740 or 751 effectively blocked the induction of both cis and osm , whereas the c-terminal truncations at amino acids 762 or 773 had no effect on the induction of either gene .
electrophoretic mobility shift assays showed that the full-length bcl6 protein extracted from transfected cos cells and a bacterially expressed protein that contained the bcl6 zinc fingers and was remarkably #truncated can bind specifically to dna from the u3 promoter/enhancer region of hiv-1 .
c-terminally truncated stat5a proteins that were #truncated at amino acids 762 or 773 had no effect on the induction of either gene .
electrophoretic mobility shift assays showed that the full-length bcl6 protein extracted from transfected cos cells and a bacterially expressed protein that contains the bcl6 zinc fingers and can be #truncated can bind specifically to dna from the u3 promoter/enhancer region of hiv-1 .
electrophoretic mobility shift assays showed that the full-length bcl6 protein extracted from transfected cos cells and a bacterially expressed protein that will be remarkably #truncated and contains the bcl6 zinc fingers can bind specifically to dna from the u3 promoter/enhancer region of hiv-1 .
therefore , to generate a comparable soluble fragment to ic1-2d/190 , pvr can also be #truncated prior to the pp-motif .
the putative resulting protein retained the region encoding the structural and functional elements of the amine oxidase but the second and fourth srcr domains are likely to be #truncated and the potential bmp-1 cleavage site was not present .
therefore , to generate a comparable soluble fragment to ic1-2d/190 , pvr may have been #truncated prior to the pp-motif .
electrophoretic mobility shift assays showed that the full-length bcl6 protein extracted from transfected cos cells and a bacterially expressed protein that is remarkably #truncated and contains the bcl6 zinc fingers can bind specifically to dna from the u3 promoter/enhancer region of hiv-1 .
electrophoretic mobility shift assays showed that the full-length bcl6 protein extracted from transfected cos cells and a bacterially expressed protein that contains the bcl6 zinc fingers and will be remarkably #truncated can bind specifically to dna from the u3 promoter/enhancer region of hiv-1 .
specifically , the stat5a molecule in which the c-terminus may be #truncated at amino acids 740 or 751 effectively blocked the induction of both cis and osm , whereas the c-terminal truncations at amino acids 762 or 773 had no effect on the induction of either gene .
the putative resulting protein retained the region encoding the structural and functional elements of the amine oxidase but the second and fourth srcr domains are able to be #truncated and the potential bmp-1 cleavage site is not present .
electrophoretic mobility shift assays showed that the full-length bcl6 protein extracted from transfected cos cells and a bacterially expressed protein that contains the bcl6 zinc fingers and is observed to be #truncated can bind specifically to dna from the u3 promoter/enhancer region of hiv-1 .
c-terminally truncated stat5a proteins that are able to be remarkably #truncated at amino acids 762 or 773 had no effect on the induction of either gene .
c-terminally truncated stat5a proteins that are likely to be #truncated at amino acids 762 or 773 had no effect on the induction of either gene .
the putative resulting protein retained the region encoding the structural and functional elements of the amine oxidase but the second and fourth srcr domains may have been #truncated and the potential bmp-1 cleavage site is not present .
electrophoretic mobility shift assays showed that the full-length bcl6 protein extracted from transfected cos cells and a bacterially expressed protein that contains the bcl6 zinc fingers and is likely to be #truncated can bind specifically to dna from the u3 promoter/enhancer region of hiv-1 .
virtually all nonsense mutations (32%) , insertions or deletions (29 .6%) , or splicing changes (6 .2%) can dramatically #truncate the protein .
previous studies using wild-type encephalomyocarditis virus (emcv) and mengo virus , and variants of these viruses observed to be genetically engineered to substitute or #truncate the poly(c) tracts have produced conflicting data on the role of the poly(c) tract in the virulence of these viruses .
previous studies using nonsense mutations (32%) , insertions or deletions (29 .6%) , or splicing changes (6 .2%) being able to be genetically engineered to #truncate or substitute the protein have produced conflicting data on the role of the poly(c) tract in the virulence of these viruses .
previous studies using nonsense mutations (32%) , insertions or deletions (29 .6%) , or splicing changes (6 .2%) that are likely to be genetically engineered to substitute or #truncate the protein have produced conflicting data on the role of the poly(c) tract in the virulence of these viruses .
previous studies using nonsense mutations (32%) , insertions or deletions (29 .6%) , or splicing changes (6 .2%) that may be genetically engineered to #truncate or substitute the protein have produced conflicting data on the role of the poly(c) tract in the virulence of these viruses .
virtually all nonsense mutations (32%) , insertions or deletions (29 .6%) , or splicing changes (6 .2%) #truncate the protein .
previous studies using wild-type encephalomyocarditis virus (emcv) and mengo virus , and variants of these viruses that have been shown to be genetically engineered to substitute or #truncate the poly(c) tracts have produced conflicting data on the role of the poly(c) tract in the virulence of these viruses .
virtually all nonsense mutations (32%) , insertions or deletions (29 .6%) , or splicing changes (6 .2%) have the ability to dramatically #truncate the protein .
virtually all wild-type encephalomyocarditis virus (emcv) and mengo virus , and variants of these viruses have dramatically #truncated the poly(c) tracts .
virtually all nonsense mutations (32%) , insertions or deletions (29 .6%) , or splicing changes (6 .2%) may #truncate the protein .
virtually all wild-type encephalomyocarditis virus (emcv) and mengo virus , and variants of these viruses are able to #truncate the poly(c) tracts .
virtually all wild-type encephalomyocarditis virus (emcv) and mengo virus , and variants of these viruses will dramatically #truncate the poly(c) tracts .
previous studies using nonsense mutations (32%) , insertions or deletions (29 .6%) , or splicing changes (6 .2%) that have been genetically engineered to substitute or #truncate the protein have produced conflicting data on the role of the poly(c) tract in the virulence of these viruses .
virtually all nonsense mutations (32%) , insertions or deletions (29 .6%) , or splicing changes (6 .2%) may dramatically #truncate the protein .
previous studies using wild-type encephalomyocarditis virus (emcv) and mengo virus , and variants of these viruses that may have been genetically engineered to substitute or #truncate the poly(c) tracts have produced conflicting data on the role of the poly(c) tract in the virulence of these viruses .
previous studies using nonsense mutations (32%) , insertions or deletions (29 .6%) , or splicing changes (6 .2%) that are genetically engineered to substitute or #truncate the protein have produced conflicting data on the role of the poly(c) tract in the virulence of these viruses .
previous studies using nonsense mutations (32%) , insertions or deletions (29 .6%) , or splicing changes (6 .2%) that may have been genetically engineered to substitute or #truncate the protein have produced conflicting data on the role of the poly(c) tract in the virulence of these viruses .
virtually all nonsense mutations (32%) , insertions or deletions (29 .6%) , or splicing changes (6 .2%) are found to #truncate the protein .
virtually all tsc1 mutations are able to dramatically #truncate the protein product .
previous studies using wild-type encephalomyocarditis virus (emcv) and mengo virus , and variants of these viruses shown to be genetically engineered to substitute or #truncate the poly(c) tracts have produced conflicting data on the role of the poly(c) tract in the virulence of these viruses .
previous studies using wild-type encephalomyocarditis virus (emcv) and mengo virus , and variants of these viruses shown to be genetically engineered to #truncate or substitute the poly(c) tracts have produced conflicting data on the role of the poly(c) tract in the virulence of these viruses .
previous studies using tsc1 mutations observed to be genetically engineered to #truncate or substitute the protein product have produced conflicting data on the role of the poly(c) tract in the virulence of these viruses .
previous studies using nonsense mutations (32%) , insertions or deletions (29 .6%) , or splicing changes (6 .2%) observed to be genetically engineered to #truncate or substitute the protein have produced conflicting data on the role of the poly(c) tract in the virulence of these viruses .
previous studies using nonsense mutations (32%) , insertions or deletions (29 .6%) , or splicing changes (6 .2%) genetically engineered to #truncate or substitute the protein have produced conflicting data on the role of the poly(c) tract in the virulence of these viruses .
previous studies using wild-type encephalomyocarditis virus (emcv) and mengo virus , and variants of these viruses genetically engineered to #truncate or substitute the poly(c) tracts have produced conflicting data on the role of the poly(c) tract in the virulence of these viruses .
previous studies using wild-type encephalomyocarditis virus (emcv) and mengo virus , and variants of these viruses that are observed to be genetically engineered to #truncate or substitute the poly(c) tracts have produced conflicting data on the role of the poly(c) tract in the virulence of these viruses .
previous studies using tsc1 mutations that are genetically engineered to #truncate or substitute the protein product have produced conflicting data on the role of the poly(c) tract in the virulence of these viruses .
virtually all wild-type encephalomyocarditis virus (emcv) and mengo virus , and variants of these viruses #truncated the poly(c) tracts .
previous studies using nonsense mutations (32%) , insertions or deletions (29 .6%) , or splicing changes (6 .2%) being able to be genetically engineered to substitute or #truncate the protein have produced conflicting data on the role of the poly(c) tract in the virulence of these viruses .
virtually all nonsense mutations (32%) , insertions or deletions (29 .6%) , or splicing changes (6 .2%) dramatically #truncate the protein .
virtually all wild-type encephalomyocarditis virus (emcv) and mengo virus , and variants of these viruses have been predicted to dramatically #truncate the poly(c) tracts .
virtually all tsc1 mutations have the ability to #truncate the protein product .
previous studies using nonsense mutations (32%) , insertions or deletions (29 .6%) , or splicing changes (6 .2%) that may have been genetically engineered to #truncate or substitute the protein have produced conflicting data on the role of the poly(c) tract in the virulence of these viruses .
virtually all wild-type encephalomyocarditis virus (emcv) and mengo virus , and variants of these viruses #truncate the poly(c) tracts .
previous studies using tsc1 mutations that may have been genetically engineered to substitute or #truncate the protein product have produced conflicting data on the role of the poly(c) tract in the virulence of these viruses .
previous studies using tsc1 mutations being able to be genetically engineered to substitute or #truncate the protein product have produced conflicting data on the role of the poly(c) tract in the virulence of these viruses .
virtually all tsc1 mutations are able to #truncate the protein product .
virtually all tsc1 mutations will #truncate the protein product .
virtually all tsc1 mutations are found to dramatically #truncate the protein product .
virtually all wild-type encephalomyocarditis virus (emcv) and mengo virus , and variants of these viruses may have #truncated the poly(c) tracts .
previous studies using wild-type encephalomyocarditis virus (emcv) and mengo virus , and variants of these viruses that are genetically engineered to substitute or #truncate the poly(c) tracts have produced conflicting data on the role of the poly(c) tract in the virulence of these viruses .
virtually all wild-type encephalomyocarditis virus (emcv) and mengo virus , and variants of these viruses may dramatically #truncate the poly(c) tracts .
virtually all tsc1 mutations have been predicted to dramatically #truncate the protein product .
virtually all nonsense mutations (32%) , insertions or deletions (29 .6%) , or splicing changes (6 .2%) are found to dramatically #truncate the protein .
previous studies using nonsense mutations (32%) , insertions or deletions (29 .6%) , or splicing changes (6 .2%) that are able to be genetically engineered to #truncate or substitute the protein have produced conflicting data on the role of the poly(c) tract in the virulence of these viruses .
virtually all nonsense mutations (32%) , insertions or deletions (29 .6%) , or splicing changes (6 .2%) have the ability to #truncate the protein .
previous studies using wild-type encephalomyocarditis virus (emcv) and mengo virus , and variants of these viruses that are able to be genetically engineered to substitute or #truncate the poly(c) tracts have produced conflicting data on the role of the poly(c) tract in the virulence of these viruses .
previous studies using tsc1 mutations that are likely to be genetically engineered to substitute or #truncate the protein product have produced conflicting data on the role of the poly(c) tract in the virulence of these viruses .
virtually all tsc1 mutations have been predicted to #truncate the protein product .
previous studies using wild-type encephalomyocarditis virus (emcv) and mengo virus , and variants of these viruses that can be genetically engineered to substitute or #truncate the poly(c) tracts have produced conflicting data on the role of the poly(c) tract in the virulence of these viruses .
virtually all tsc1 mutations have dramatically #truncated the protein product .
previous studies using nonsense mutations (32%) , insertions or deletions (29 .6%) , or splicing changes (6 .2%) that have been shown to be genetically engineered to substitute or #truncate the protein have produced conflicting data on the role of the poly(c) tract in the virulence of these viruses .
the protein will be #truncated through nonsense mutations (32%) , insertions or deletions (29 .6%) , or splicing changes (6 .2%) by the majority of changes , although the figures were biased by the methods employed , and , in sequenced areas , approximately 50% of all mutations were missense or in-frame .
virtually all nonsense mutations (32%) , insertions or deletions (29 .6%) , or splicing changes (6 .2%) will dramatically #truncate the protein .
previous studies using tsc1 mutations that have been genetically engineered to #truncate or substitute the protein product have produced conflicting data on the role of the poly(c) tract in the virulence of these viruses .
previous studies using tsc1 mutations that are genetically engineered to substitute or #truncate the protein product have produced conflicting data on the role of the poly(c) tract in the virulence of these viruses .
the protein is likely to be #truncated by the majority of changes through nonsense mutations (32%) , insertions or deletions (29 .6%) , or splicing changes (6 .2%) , although the figures were biased by the methods employed , and , in sequenced areas , approximately 50% of all mutations were missense or in-frame .
virtually all wild-type encephalomyocarditis virus (emcv) and mengo virus , and variants of these viruses may have dramatically #truncated the poly(c) tracts .
virtually all nonsense mutations (32%) , insertions or deletions (29 .6%) , or splicing changes (6 .2%) have been predicted to #truncate the protein .
virtually all wild-type encephalomyocarditis virus (emcv) and mengo virus , and variants of these viruses are predicted to #truncate the poly(c) tracts .
previous studies using wild-type encephalomyocarditis virus (emcv) and mengo virus , and variants of these viruses that may be genetically engineered to #truncate or substitute the poly(c) tracts have produced conflicting data on the role of the poly(c) tract in the virulence of these viruses .
virtually all wild-type encephalomyocarditis virus (emcv) and mengo virus , and variants of these viruses are found to #truncate the poly(c) tracts .
virtually all wild-type encephalomyocarditis virus (emcv) and mengo virus , and variants of these viruses have been predicted to #truncate the poly(c) tracts .
the protein is #truncated through nonsense mutations (32%) , insertions or deletions (29 .6%) , or splicing changes (6 .2%) by the majority of changes , although the figures were biased by the methods employed , and , in sequenced areas , approximately 50% of all mutations were missense or in-frame .
previous studies using wild-type encephalomyocarditis virus (emcv) and mengo virus , and variants of these viruses that may be genetically engineered to substitute or #truncate the poly(c) tracts have produced conflicting data on the role of the poly(c) tract in the virulence of these viruses .
virtually all wild-type encephalomyocarditis virus (emcv) and mengo virus , and variants of these viruses can dramatically #truncate the poly(c) tracts .
virtually all tsc1 mutations dramatically #truncated the protein product .
previous studies using tsc1 mutations that are observed to be genetically engineered to substitute or #truncate the protein product have produced conflicting data on the role of the poly(c) tract in the virulence of these viruses .
previous studies using tsc1 mutations that may have been genetically engineered to #truncate or substitute the protein product have produced conflicting data on the role of the poly(c) tract in the virulence of these viruses .
the protein may have been #truncated through nonsense mutations (32%) , insertions or deletions (29 .6%) , or splicing changes (6 .2%) by the majority of changes , although the figures were biased by the methods employed , and , in sequenced areas , approximately 50% of all mutations were missense or in-frame .
the protein has been shown to be #truncated through nonsense mutations (32%) , insertions or deletions (29 .6%) , or splicing changes (6 .2%) by the majority of changes , although the figures were biased by the methods employed , and , in sequenced areas , approximately 50% of all mutations were missense or in-frame .
virtually all tsc1 mutations can dramatically #truncate the protein product .
previous studies using wild-type encephalomyocarditis virus (emcv) and mengo virus , and variants of these viruses being able to be genetically engineered to #truncate or substitute the poly(c) tracts have produced conflicting data on the role of the poly(c) tract in the virulence of these viruses .
previous studies using tsc1 mutations that may be genetically engineered to substitute or #truncate the protein product have produced conflicting data on the role of the poly(c) tract in the virulence of these viruses .
virtually all nonsense mutations (32%) , insertions or deletions (29 .6%) , or splicing changes (6 .2%) may have dramatically #truncated the protein .
previous studies using wild-type encephalomyocarditis virus (emcv) and mengo virus , and variants of these viruses that can be genetically engineered to #truncate or substitute the poly(c) tracts have produced conflicting data on the role of the poly(c) tract in the virulence of these viruses .
previous studies using tsc1 mutations that will be genetically engineered to #truncate or substitute the protein product have produced conflicting data on the role of the poly(c) tract in the virulence of these viruses .
virtually all wild-type encephalomyocarditis virus (emcv) and mengo virus , and variants of these viruses dramatically #truncate the poly(c) tracts .
the protein has been shown to be #truncated by the majority of changes through nonsense mutations (32%) , insertions or deletions (29 .6%) , or splicing changes (6 .2%) , although the figures were biased by the methods employed , and , in sequenced areas , approximately 50% of all mutations were missense or in-frame .
the protein was #truncated by the majority of changes through nonsense mutations (32%) , insertions or deletions (29 .6%) , or splicing changes (6 .2%) , although the figures were biased by the methods employed , and , in sequenced areas , approximately 50% of all mutations were missense or in-frame .
virtually all wild-type encephalomyocarditis virus (emcv) and mengo virus , and variants of these viruses have #truncated the poly(c) tracts .
previous studies using nonsense mutations (32%) , insertions or deletions (29 .6%) , or splicing changes (6 .2%) that can be genetically engineered to #truncate or substitute the protein have produced conflicting data on the role of the poly(c) tract in the virulence of these viruses .
previous studies using wild-type encephalomyocarditis virus (emcv) and mengo virus , and variants of these viruses that have been genetically engineered to substitute or #truncate the poly(c) tracts have produced conflicting data on the role of the poly(c) tract in the virulence of these viruses .
virtually all tsc1 mutations are predicted to #truncate the protein product .
the protein will be #truncated by the majority of changes through nonsense mutations (32%) , insertions or deletions (29 .6%) , or splicing changes (6 .2%) , although the figures were biased by the methods employed , and , in sequenced areas , approximately 50% of all mutations were missense or in-frame .
previous studies using wild-type encephalomyocarditis virus (emcv) and mengo virus , and variants of these viruses that were genetically engineered to #truncate or substitute the poly(c) tracts have produced conflicting data on the role of the poly(c) tract in the virulence of these viruses .
previous studies using nonsense mutations (32%) , insertions or deletions (29 .6%) , or splicing changes (6 .2%) that may be genetically engineered to substitute or #truncate the protein have produced conflicting data on the role of the poly(c) tract in the virulence of these viruses .
previous studies using nonsense mutations (32%) , insertions or deletions (29 .6%) , or splicing changes (6 .2%) that were genetically engineered to substitute or #truncate the protein have produced conflicting data on the role of the poly(c) tract in the virulence of these viruses .
previous studies using wild-type encephalomyocarditis virus (emcv) and mengo virus , and variants of these viruses that are genetically engineered to #truncate or substitute the poly(c) tracts have produced conflicting data on the role of the poly(c) tract in the virulence of these viruses .
