they establish that a 6-bp insertion , as may occur following caspase activation , can #eliminate repression of the glptq promoter required for skeletal muscle regeneration during chronic catabolic conditions .
secondly , sbp2 binding activity is not affected by mutations in the tetra-adenosine element in the terminal region of the phgpx 3 utr , a 3-bp in-frame deletion completely #eliminate an asparagine residue .
to #eliminate the inhibitory phosphorylation make the same high level of activation of b-raf occurs .
in gel shift assay , a 6-bp insertion has #eliminated repression of the glptq promoter .
they establish that a 3-bp in-frame deletion , as may occur following caspase activation , could #eliminate an asparagine residue required for skeletal muscle regeneration during chronic catabolic conditions .
#eliminating any deleterious effects that might be associated with stable hoxb4 gene transfer into human cells , we took advantage of the ability of hox proteins to passively translocate through cell membranes .
an asparagine residue within a kinase domain of the product is #eliminated by a 3-bp in-frame deletion; the other two carried intronic mutations at or adjacent to the consensus dinucleotide sequences of splice-acceptor or-donor sites , which were likely to lead to aberrant splicing .
to #eliminate all three sites make the same high level of activation of b-raf occurs .
at a 3-bp in-frame deletion , an asparagine residue is observed to be completely #eliminated (figure 7) .
a 3-bp in-frame deletion located within o2 or between ot and o1 will #eliminate an asparagine residue , whereas significant repression will be maintained in the case of a 10-bp insertion within o2 .
at a 6-bp insertion , repression of the glptq promoter will be completely #eliminated (figure 7) .
secondly , sbp2 binding activity is not affected by mutations in the tetra-adenosine element in the terminal region of the phgpx 3 utr , an asparagine residue was completely #eliminated by a 3-bp in-frame deletion .
at a molar ratio of 5:1 , binding will be completely #eliminated (figure 7) .
a 6-bp insertion can #eliminate repression of the glptq promoter while mutation at s494 has no effect (figure 2c) .
the same high level of activation of b-raf occurs only when exogenous h(2)o(2) are #eliminated .
in gel shift assay , a 3-bp in-frame deletion has #eliminated an asparagine residue .
at a 3-bp in-frame deletion , an asparagine residue can be completely #eliminated (figure 7) .
a 3-bp in-frame deletion is able to #eliminate an asparagine residue in a kinase domain of the product .
secondly , sbp2 binding activity is not affected by mutations in the tetra-adenosine element in the terminal region of the phgpx 3 utr , a 3-bp in-frame deletion completely #eliminated an asparagine residue .
the same high level of activation of b-raf occurs only when the inhibitory phosphorylation were #eliminated .
as illustrated in figure 1 , an asparagine residue was not #eliminated by a 3-bp in-frame deletion .
secondly , sbp2 an asparagine residue activity is not affected by mutations in the tetra-adenosine element in the terminal region of the phgpx 3 utr , a 3-bp in-frame deletion completely #eliminate binding .
one of the remaining three families carried a 3-bp in-frame deletion that #eliminated an asparagine residue within a kinase domain of the product; the other two carried intronic mutations at or adjacent to the consensus dinucleotide sequences of splice-acceptor or-donor sites , which were likely to lead to aberrant splicing .
an asparagine residue is #eliminated by a 3-bp in-frame deletion .
exogenous h(2)o(2) is #eliminated in transgenic plants by inhibition of any one of these molecules .
at a 6-bp insertion , repression of the glptq promoter is observed to be completely #eliminated (figure 7) .
at a molar ratio of 5:1 , binding is observed to be completely #eliminated (figure 7) .
this occurs by a 6-bp insertion to #eliminate repression of the glptq promoter .
a 6-bp insertion at a 10-fold-higher concentration #eliminate repression of the glptq promoter .
a 3-bp in-frame deletion would #eliminate an asparagine residue in a kinase domain of the product .
a 6-bp insertion #eliminates repression of the glptq promoter while mutation at s494 has no effect (figure 2c) .
the same high level of activation of b-raf occurs only when exogenous h(2)o(2) were #eliminated .
as illustrated in figure 1 , binding is not #eliminated by a molar ratio of 5:1 .
they establish that a molar ratio of 5:1 , as may occur following caspase activation , could #eliminate binding required for skeletal muscle regeneration during chronic catabolic conditions .
a 3-bp in-frame deletion has #eliminated an asparagine residue in a kinase domain of the product .
this occurs by a molar ratio of 5:1 to #eliminate binding .
#eliminating all three sites or mimicking activating phosphorylation sites is sufficient to confer constitutive activity upon lin-45 raf and induce multi-vulva phenotypes in c .elegans .
secondly , sbp2 binding activity is not affected by mutations in the tetra-adenosine element in the terminal region of the phgpx 3 utr , an asparagine residue is completely #eliminated by a 3-bp in-frame deletion .
that the inhibitory phosphorylation is #eliminated is sufficient to confer constitutive activity upon lin-45 raf and induce multi-vulva phenotypes in c .elegans .
secondly , sbp2 an asparagine residue activity is not affected by mutations in the tetra-adenosine element in the terminal region of the phgpx 3 utr , a 3-bp in-frame deletion can completely #eliminate binding (lesoon et al . , 1997) .
to #eliminate the inhibitory phosphorylation is sufficient to confer constitutive activity upon lin-45 raf and induce multi-vulva phenotypes in c .elegans .
a molar ratio of 5:1 located within o2 or between ot and o1 has #eliminated binding , whereas significant repression was maintained in the case of a 10-bp insertion within o2 .
secondly , sbp2 binding activity is not affected by mutations in the tetra-adenosine element in the terminal region of the phgpx 3 utr , a 6-bp insertion completely #eliminate repression of the glptq promoter .
secondly , sbp2 binding activity is not affected by mutations in the tetra-adenosine element in the terminal region of the phgpx 3 utr , a molar ratio of 5:1 completely #eliminated binding .
one of the remaining three families carried a 3-bp in-frame deletion #eliminating an asparagine residue within a kinase domain of the product; the other two carried intronic mutations at or adjacent to the consensus dinucleotide sequences of splice-acceptor or-donor sites , which were likely to lead to aberrant splicing .
this occurs by a 6-bp insertion for #eliminating repression of the glptq promoter .
secondly , sbp2 an asparagine residue activity is not affected by mutations in the tetra-adenosine element in the terminal region of the phgpx 3 utr , binding is completely #eliminated by a 3-bp in-frame deletion .
to #eliminate the inhibitory phosphorylation that might be associated with stable hoxb4 gene transfer into human cells , we took advantage of the ability of hox proteins to passively translocate through cell membranes .
secondly , sbp2 binding activity is not affected by mutations in the tetra-adenosine element in the terminal region of the phgpx 3 utr , yet a 3-bp in-frame deletion completely #eliminate an asparagine residue (lesoon et al . , 1997) .
as illustrated in figure 1 , a molar ratio of 5:1 can not #eliminate binding .
an asparagine residue was #eliminated by a 3-bp in-frame deletion in a kinase domain of the product .
as illustrated in figure 1 , a 3-bp in-frame deletion does not #eliminate an asparagine residue .
binding has been #eliminated by a molar ratio of 5:1 at a 10-fold-higher concentration .
a molar ratio of 5:1 which #eliminates binding is located within o2 or between ot and o1 , whereas significant repression is maintained in the case of a 10-bp insertion within o2 .
in gel shift assay , a 6-bp insertion #eliminates repression of the glptq promoter .
a 6-bp insertion which #eliminated repression of the glptq promoter was located within o2 or between ot and o1 , whereas significant repression was maintained in the case of a 10-bp insertion within o2 .
a 6-bp insertion located within o2 or between ot and o1 has #eliminated repression of the glptq promoter , whereas significant repression was maintained in the case of a 10-bp insertion within o2 .
a 6-bp insertion at a 10-fold-higher concentration #eliminated repression of the glptq promoter .
one of the remaining three families carried a 3-bp in-frame deletion which #eliminated an asparagine residue within a kinase domain of the product; the other two carried intronic mutations at or adjacent to the consensus dinucleotide sequences of splice-acceptor or-donor sites , which were likely to lead to aberrant splicing .
in gel shift assay , a 6-bp insertion will #eliminate repression of the glptq promoter .
an asparagine residue was #eliminated by a 3-bp in-frame deletion .
a 3-bp in-frame deletion at a 10-fold-higher concentration #eliminated an asparagine residue .
the same high level of activation of b-raf occurs only when the inhibitory phosphorylation are #eliminated .
secondly , sbp2 binding activity is not affected by mutations in the tetra-adenosine element in the terminal region of the phgpx 3 utr , binding is completely #eliminated by a molar ratio of 5:1 .
a 3-bp in-frame deletion #eliminates an asparagine residue in a kinase domain of the product .
#eliminating any deleterious effects or mimicking activating phosphorylation sites is sufficient to confer constitutive activity upon lin-45 raf and induce multi-vulva phenotypes in c .elegans .
binding will be #eliminated by a molar ratio of 5:1 at a 10-fold-higher concentration .
to #eliminate any deleterious effects make the same high level of activation of b-raf occurs .
binding was #eliminated by a molar ratio of 5:1 .
the same high level of activation of b-raf occurs only when any deleterious effects are #eliminated .
a 3-bp in-frame deletion has #eliminated an asparagine residue while mutation at s494 had no effect (figure 2c) .
an asparagine residue is #eliminated by a 3-bp in-frame deletion at a 10-fold-higher concentration .
a 3-bp in-frame deletion which #eliminates an asparagine residue is located within o2 or between ot and o1 , whereas significant repression is maintained in the case of a 10-bp insertion within o2 .
at a 6-bp insertion , repression of the glptq promoter is completely #eliminated (figure 7) .
one of the remaining three families carried a 3-bp in-frame deletion that #eliminates an asparagine residue within a kinase domain of the product; the other two carried intronic mutations at or adjacent to the consensus dinucleotide sequences of splice-acceptor or-donor sites , which were likely to lead to aberrant splicing .
a 3-bp in-frame deletion located within o2 or between ot and o1 #eliminated an asparagine residue , whereas significant repression was maintained in the case of a 10-bp insertion within o2 .
they establish that a molar ratio of 5:1 , as may occur following caspase activation , can #eliminate binding required for skeletal muscle regeneration during chronic catabolic conditions .
an asparagine residue within a kinase domain of the product was #eliminated by a 3-bp in-frame deletion; the other two carried intronic mutations at or adjacent to the consensus dinucleotide sequences of splice-acceptor or-donor sites , which were likely to lead to aberrant splicing .
all three sites #eliminated make the same high level of activation of b-raf occurs .
to #eliminate exogenous h(2)o(2) that might be associated with stable hoxb4 gene transfer into human cells , we took advantage of the ability of hox proteins to passively translocate through cell membranes .
a molar ratio of 5:1 #eliminates binding while mutation at s494 has no effect (figure 2c) .
they establish that a 3-bp in-frame deletion , as may occur following caspase activation , can #eliminate an asparagine residue required for skeletal muscle regeneration during chronic catabolic conditions .
a 6-bp insertion located within o2 or between ot and o1 will #eliminate repression of the glptq promoter , whereas significant repression will be maintained in the case of a 10-bp insertion within o2 .
a 6-bp insertion has #eliminated repression of the glptq promoter while mutation at s494 had no effect (figure 2c) .
a molar ratio of 5:1 can #eliminate binding while mutation at s494 has no effect (figure 2c) .
a molar ratio of 5:1 has #eliminated binding while mutation at s494 had no effect (figure 2c) .
repression of the glptq promoter was #eliminated by a 6-bp insertion at a 10-fold-higher concentration .
a 3-bp in-frame deletion #eliminated an asparagine residue in a kinase domain of the product .
secondly , sbp2 binding activity is not affected by mutations in the tetra-adenosine element in the terminal region of the phgpx 3 utr , a 3-bp in-frame deletion can completely #eliminate an asparagine residue (lesoon et al . , 1997) .
as illustrated in figure 1 , an asparagine residue is not #eliminated by a 3-bp in-frame deletion .
this occurs by a 3-bp in-frame deletion to #eliminate an asparagine residue .
secondly , sbp2 the bamhi site activity is not affected by mutations in the tetra-adenosine element in the terminal region of the phgpx 3 utr , yet one mutation completely #eliminate binding (lesoon et al . , 1997) .
the bamhi site was #eliminated in exon 7 by one mutation .
secondly , sbp2 binding activity is not affected by mutations in the tetra-adenosine element in the terminal region of the phgpx 3 utr , these same mutations completely #eliminate sec incorporation .
this occurs by the other to #eliminate the hindiii site .
as illustrated in figure 1 , sec incorporation is not #eliminated by these same mutations .
secondly , sbp2 binding activity is not affected by mutations in the tetra-adenosine element in the terminal region of the phgpx 3 utr , the stabilization seen with mg132 is completely #eliminated by staurosporin (or genestein; data not shown) .
staurosporin (or genestein; data not shown) located within o2 or between ot and o1 #eliminates the stabilization seen with mg132 , whereas significant repression was maintained in the case of a 10-bp insertion within o2 .
staurosporin (or genestein; data not shown) located within o2 or between ot and o1 will #eliminate the stabilization seen with mg132 , whereas significant repression will be maintained in the case of a 10-bp insertion within o2 .
secondly , sbp2 binding activity is not affected by mutations in the tetra-adenosine element in the terminal region of the phgpx 3 utr , these same mutations completely #eliminated sec incorporation .
at these same mutations , sec incorporation will be completely #eliminated (figure 7) .
at the other , the hindiii site is completely #eliminated (figure 7) .
the bamhi site is #eliminated by one mutation .
one mutation #eliminated the bamhi site in exon 7 .
the other #eliminates the hindiii site while mutation at s494 has no effect (figure 2c) .
as illustrated in figure 1 , the hindiii site was not #eliminated by the other .
the other has #eliminated the hindiii site while mutation at s494 had no effect (figure 2c) .
staurosporin (or genestein; data not shown) located within o2 or between ot and o1 #eliminated the stabilization seen with mg132 , whereas significant repression was maintained in the case of a 10-bp insertion within o2 .
as illustrated in figure 1 , the bamhi site is not #eliminated by one mutation .
sec incorporation was #eliminated by these same mutations at a 10-fold-higher concentration .
the other located within o2 or between ot and o1 has #eliminated the hindiii site , whereas significant repression was maintained in the case of a 10-bp insertion within o2 .
secondly , sbp2 binding activity is not affected by mutations in the tetra-adenosine element in the terminal region of the phgpx 3 utr , the other completely #eliminated the hindiii site .
one mutation at a 10-fold-higher concentration #eliminated the bamhi site .
the other can #eliminate the hindiii site in exon 11 of the phenylalanine hydroxylase gene .
in gel shift assay , staurosporin (or genestein; data not shown) #eliminated the stabilization seen with mg132 .
secondly , sbp2 binding activity is not affected by mutations in the tetra-adenosine element in the terminal region of the phgpx 3 utr , yet one mutation completely #eliminate the bamhi site (lesoon et al . , 1997) .
in gel shift assay , one mutation has #eliminated the bamhi site .
in gel shift assay , these same mutations will #eliminate sec incorporation .
at the other , the hindiii site is observed to be completely #eliminated (figure 7) .
the other at a 10-fold-higher concentration #eliminate the hindiii site .
the hindiii site is #eliminated by the other at a 10-fold-higher concentration .
the other which #eliminated the hindiii site was located within o2 or between ot and o1 , whereas significant repression was maintained in the case of a 10-bp insertion within o2 .
the hindiii site has been #eliminated by the other at a 10-fold-higher concentration .
the other located within o2 or between ot and o1 will #eliminate the hindiii site , whereas significant repression will be maintained in the case of a 10-bp insertion within o2 .
the other #eliminates the hindiii site in exon 11 of the phenylalanine hydroxylase gene .
as illustrated in figure 1 , the bamhi site will not be #eliminated by one mutation .
these same mutations located within o2 or between ot and o1 #eliminates sec incorporation , whereas significant repression was maintained in the case of a 10-bp insertion within o2 .
the hindiii site will be #eliminated by the other at a 10-fold-higher concentration .
one mutation has #eliminated the bamhi site while mutation at s494 had no effect (figure 2c) .
secondly , sbp2 binding activity is not affected by mutations in the tetra-adenosine element in the terminal region of the phgpx 3 utr , sec incorporation was completely #eliminated by these same mutations .
in gel shift assay , staurosporin (or genestein; data not shown) has #eliminated the stabilization seen with mg132 .
as illustrated in figure 1 , these same mutations can not #eliminate sec incorporation .
as illustrated in figure 1 , the other can not #eliminate the hindiii site .
secondly , sbp2 binding activity is not affected by mutations in the tetra-adenosine element in the terminal region of the phgpx 3 utr , the other can completely #eliminate the hindiii site (lesoon et al . , 1997) .
the bamhi site has been #eliminated by one mutation at a 10-fold-higher concentration .
in gel shift assay , one mutation will #eliminate the bamhi site .
this occurs by staurosporin (or genestein; data not shown) for #eliminating the stabilization seen with mg132 .
sec incorporation has been #eliminated by these same mutations at a 10-fold-higher concentration .
as illustrated in figure 1 , one mutation does not #eliminate the bamhi site .
at the other , the hindiii site will be completely #eliminated (figure 7) .
the hindiii site was #eliminated by the other at a 10-fold-higher concentration .
as illustrated in figure 1 , staurosporin (or genestein; data not shown) does not #eliminate the stabilization seen with mg132 .
staurosporin (or genestein; data not shown) #eliminates the stabilization seen with mg132 while mutation at s494 has no effect (figure 2c) .
staurosporin (or genestein; data not shown) has #eliminated the stabilization seen with mg132 while mutation at s494 had no effect (figure 2c) .
in gel shift assay , these same mutations #eliminates sec incorporation .
these same mutations which #eliminates sec incorporation is located within o2 or between ot and o1 , whereas significant repression is maintained in the case of a 10-bp insertion within o2 .
in gel shift assay , these same mutations has #eliminated sec incorporation .
these same mutations located within o2 or between ot and o1 will #eliminate sec incorporation , whereas significant repression will be maintained in the case of a 10-bp insertion within o2 .
this occurs by staurosporin (or genestein; data not shown) to #eliminate the stabilization seen with mg132 .
the other can #eliminate the hindiii site while mutation at s494 has no effect (figure 2c) .
the other has #eliminated the hindiii site in exon 11 of the phenylalanine hydroxylase gene .
these same mutations at a 10-fold-higher concentration #eliminated sec incorporation .
one mutation would #eliminate the bamhi site in exon 7 .
this occurs by one mutation to #eliminate the bamhi site .
secondly , sbp2 binding activity is not affected by mutations in the tetra-adenosine element in the terminal region of the phgpx 3 utr , sec incorporation is completely #eliminated by these same mutations .
these same mutations can #eliminate sec incorporation while mutation at s494 has no effect (figure 2c) .
secondly , sbp2 the hindiii site activity is not affected by mutations in the tetra-adenosine element in the terminal region of the phgpx 3 utr , yet the other completely #eliminate binding (lesoon et al . , 1997) .
the stabilization seen with mg132 will be #eliminated by staurosporin (or genestein; data not shown) at a 10-fold-higher concentration .
at the other , the hindiii site can be completely #eliminated (figure 7) .
the hindiii site is #eliminated by the other .
as illustrated in figure 1 , these same mutations does not #eliminate sec incorporation .
one mutation at a 10-fold-higher concentration #eliminate the bamhi site .
sec incorporation was #eliminated by these same mutations .
the bamhi site is #eliminated in exon 7 by one mutation .
secondly , sbp2 binding activity is not affected by mutations in the tetra-adenosine element in the terminal region of the phgpx 3 utr , one mutation can completely #eliminate the bamhi site (lesoon et al . , 1997) .
the other is able to #eliminate the hindiii site in exon 11 of the phenylalanine hydroxylase gene .
the bamhi site is #eliminated by one mutation at a 10-fold-higher concentration .
one mutation has #eliminated the bamhi site in exon 7 .
these same mutations located within o2 or between ot and o1 has #eliminated sec incorporation , whereas significant repression was maintained in the case of a 10-bp insertion within o2 .
these same mutations which #eliminated sec incorporation was located within o2 or between ot and o1 , whereas significant repression was maintained in the case of a 10-bp insertion within o2 .
the bamhi site will be #eliminated by one mutation at a 10-fold-higher concentration .
the bamhi site is #eliminated by one mutation in exon 7 .
one mutation is able to #eliminate the bamhi site in exon 7 .
at staurosporin (or genestein; data not shown) , the stabilization seen with mg132 will be completely #eliminated (figure 7) .
one mutation #eliminates the bamhi site in exon 7 and the other #eliminates the hindiii site in exon 11 of the phenylalanine hydroxylase gene .
in gel shift assay , the other #eliminates the hindiii site .
the bamhi site was #eliminated by one mutation .
the other located within o2 or between ot and o1 #eliminates the hindiii site , whereas significant repression was maintained in the case of a 10-bp insertion within o2 .
they establish that one mutation , as may occur following caspase activation , could #eliminate the bamhi site required for skeletal muscle regeneration during chronic catabolic conditions .
staurosporin (or genestein; data not shown) which #eliminated the stabilization seen with mg132 was located within o2 or between ot and o1 , whereas significant repression was maintained in the case of a 10-bp insertion within o2 .
in gel shift assay , one mutation #eliminated the bamhi site .
in gel shift assay , the other has #eliminated the hindiii site .
one mutation located within o2 or between ot and o1 will #eliminate the bamhi site , whereas significant repression will be maintained in the case of a 10-bp insertion within o2 .
as illustrated in figure 1 , the other did not #eliminate the hindiii site .
one mutation which #eliminated the bamhi site was located within o2 or between ot and o1 , whereas significant repression was maintained in the case of a 10-bp insertion within o2 .
one mutation located within o2 or between ot and o1 #eliminates the bamhi site , whereas significant repression was maintained in the case of a 10-bp insertion within o2 .
sec incorporation is #eliminated by these same mutations .
they establish that the other , as may occur following caspase activation , can #eliminate the hindiii site required for skeletal muscle regeneration during chronic catabolic conditions .
in gel shift assay , staurosporin (or genestein; data not shown) will #eliminate the stabilization seen with mg132 .
they establish that one mutation , as may occur following caspase activation , can #eliminate the bamhi site required for skeletal muscle regeneration during chronic catabolic conditions .
the stabilization seen with mg132 has been #eliminated by staurosporin (or genestein; data not shown) at a 10-fold-higher concentration .
