to this end , we made a new transthyretin variant #losing all a sph i cleavage site within exon 3 postnatally , and +/+ control mice .
a new transthyretin variant will have completely #lost a sph i cleavage site within exon 3 , but all show considerablegenome reduction and dependency on the nucleus to fulfill plastid functions (martin and hrrmann , 1998) .
all a sph i cleavage site within exon 3 have a high probability of being postnatally #lost by a new transthyretin variant .
a new transthyretin variant is observed to completely #lose a sph i cleavage site within exon 3 , but all show considerablegenome reduction and dependency on the nucleus to fulfill plastid functions (martin and hrrmann , 1998) .
to this end , we made acute t-cell leukemia cells , which can probably #lose all il-2 dependency postnatally , and +/+ control mice .
a sph i cleavage site within exon 3 is #lost in a new transthyretin variant that has been characterized .
all il-2 dependency may probably be postnatally #lost by acute t-cell leukemia cells .
a sph i cleavage site within exon 3 has been #lost in a new transthyretin variant that has been characterized .
all a sph i cleavage site within exon 3 will be postnatally #lost by a new transthyretin variant .
stat3 is activated in v-src or v-abl-transformed cells and , along other stats , in a new transthyretin variant #losing a sph i cleavage site within exon 3 (migone et al . , 1995; yu et al . , 1995) .
stat3 is activated in v-src or v-abl-transformed cells and , along other stats , in a new transthyretin variant that can probably #lose a sph i cleavage site within exon 3 (migone et al . , 1995; yu et al . , 1995) .
a new transthyretin variant completely #lost a sph i cleavage site within exon 3 , but all show considerablegenome reduction and dependency on the nucleus to fulfill plastid functions (martin and hrrmann , 1998) .
these interactions have a high probability of being #lost with a separation of dna-binding sites of }3 bp , as can occur for natural sre sequences , while a smaller spacing inhibited the simultaneous binding of both proteins .
to this end , we made a new transthyretin variant , which might probably #lose all a sph i cleavage site within exon 3 postnatally , and +/+ control mice .
all a sph i cleavage site within exon 3 will probably be postnatally #lost by a new transthyretin variant .
to this end , we made a new transthyretin variant , which has #lost all a sph i cleavage site within exon 3 postnatally , and +/+ control mice .
to this end , we made acute t-cell leukemia cells , which #lose all il-2 dependency postnatally , and +/+ control mice .
stat3 is activated in v-src or v-abl-transformed cells and , along other stats , in a new transthyretin variant that will probably #lose a sph i cleavage site within exon 3 (migone et al . , 1995; yu et al . , 1995) .
to this end , we made acute t-cell leukemia cells , which may #lose all il-2 dependency postnatally , and +/+ control mice .
a sph i cleavage site within exon 3 is able to be #lost in a new transthyretin variant that has been characterized .
stat3 is activated in v-src or v-abl-transformed cells and , along other stats , in a new transthyretin variant that #lose a sph i cleavage site within exon 3 (migone et al . , 1995; yu et al . , 1995) .
to this end , we made a new transthyretin variant , which #lose all a sph i cleavage site within exon 3 postnatally , and +/+ control mice .
to this end , we made acute t-cell leukemia cells , which could #lose all il-2 dependency postnatally , and +/+ control mice .
il-2 dependency was #lost in acute t-cell leukemia cells that has been characterized .
to this end , we made a new transthyretin variant , which #lost all a sph i cleavage site within exon 3 postnatally , and +/+ control mice .
a sph i cleavage site within exon 3 was #lost in a new transthyretin variant that has been characterized .
all a sph i cleavage site within exon 3 could be postnatally #lost by a new transthyretin variant .
acute t-cell leukemia cells which has #lost il-2 dependency has been characterized .
stat3 is activated in v-src or v-abl-transformed cells and , along other stats , in a new transthyretin variant that may #lose a sph i cleavage site within exon 3 (migone et al . , 1995; yu et al . , 1995) .
stat3 is activated in v-src or v-abl-transformed cells and , along other stats , in a new transthyretin variant that have #lost a sph i cleavage site within exon 3 (migone et al . , 1995; yu et al . , 1995) .
to this end , we made acute t-cell leukemia cells , which will #lose all il-2 dependency postnatally , and +/+ control mice .
to this end , we made a new transthyretin variant , which may #lose all a sph i cleavage site within exon 3 postnatally , and +/+ control mice .
to this end , we made acute t-cell leukemia cells , which could probably #lose all il-2 dependency postnatally , and +/+ control mice .
stat3 is activated in v-src or v-abl-transformed cells and , along other stats , in acute t-cell leukemia cells that have #lost il-2 dependency (migone et al . , 1995; yu et al . , 1995) .
a new transthyretin variant is able to completely #lose a sph i cleavage site within exon 3 , but all show considerablegenome reduction and dependency on the nucleus to fulfill plastid functions (martin and hrrmann , 1998) .
all a sph i cleavage site within exon 3 may probably be postnatally #lost by a new transthyretin variant .
all a sph i cleavage site within exon 3 might be postnatally #lost by a new transthyretin variant .
stat3 is activated in v-src or v-abl-transformed cells and , along other stats , in a new transthyretin variant that #lose a sph i cleavage site within exon 3 (migone et al . , 1995; yu et al . , 1995) .
all a sph i cleavage site within exon 3 can be postnatally #lost by a new transthyretin variant .
to this end , we made a new transthyretin variant , which can #lose all a sph i cleavage site within exon 3 postnatally , and +/+ control mice .
a new transthyretin variant can completely #lost a sph i cleavage site within exon 3 , but all show considerablegenome reduction and dependency on the nucleus to fulfill plastid functions (martin and hrrmann , 1998) .
all il-2 dependency would be postnatally #lost by acute t-cell leukemia cells .
acute t-cell leukemia cells will have completely #lost il-2 dependency , but all show considerablegenome reduction and dependency on the nucleus to fulfill plastid functions (martin and hrrmann , 1998) .
a new transthyretin variant completely #loses a sph i cleavage site within exon 3 , but all show considerablegenome reduction and dependency on the nucleus to fulfill plastid functions (martin and hrrmann , 1998) .
stat3 is activated in v-src or v-abl-transformed cells and , along other stats , in acute t-cell leukemia cells that can #lose il-2 dependency (migone et al . , 1995; yu et al . , 1995) .
these interactions could be #lost with a separation of dna-binding sites of }3 bp , as can occur for natural sre sequences , while a smaller spacing inhibited the simultaneous binding of both proteins .
to this end , we made a new transthyretin variant , which would probably #lose all a sph i cleavage site within exon 3 postnatally , and +/+ control mice .
to this end , we made a new transthyretin variant , which would probably #lose all a sph i cleavage site within exon 3 postnatally , and +/+ control mice .
stat3 is activated in v-src or v-abl-transformed cells and , along other stats , in acute t-cell leukemia cells that may #lose il-2 dependency (migone et al . , 1995; yu et al . , 1995) .
all il-2 dependency could be postnatally #lost by acute t-cell leukemia cells .
all a sph i cleavage site within exon 3 would be postnatally #lost by a new transthyretin variant .
a new transthyretin variant #losing a sph i cleavage site within exon 3 has been characterized .
these interactions would be #lost with a separation of dna-binding sites of }3 bp , as can occur for natural sre sequences , while a smaller spacing would inhibit the simultaneous binding of both proteins .
gpi anchoring ability was reported to be #lost when the microsomal membranes of trypanosoma brucei were washed at high ph (sharma et al . , 2000) , whereas similar treatment of the mammalian microsomal membranes have no effect (vidugiriene and menon , 1995)
a new transthyretin variant which has #lost a sph i cleavage site within exon 3 has been characterized .
stat3 is activated in v-src or v-abl-transformed cells and , along other stats , in a new transthyretin variant that have the ability to #lose a sph i cleavage site within exon 3 (migone et al . , 1995; yu et al . , 1995) .
a new transthyretin variant which may #lose a sph i cleavage site within exon 3 has been characterized .
all a sph i cleavage site within exon 3 were postnatally #lost by a new transthyretin variant .
to this end , we made a new transthyretin variant , which could #lose all a sph i cleavage site within exon 3 postnatally , and +/+ control mice .
it was reported that gpi anchoring ability would be #lost when the microsomal membranes of trypanosoma brucei were washed at high ph (sharma et al . , 2000) , whereas similar treatment of the mammalian microsomal membranes have no effect (vidugiriene and menon , 1995)
to this end , we made a new transthyretin variant , which could #lose all a sph i cleavage site within exon 3 postnatally , and +/+ control mice .
it was reported that gpi anchoring ability might be #lost when the microsomal membranes of trypanosoma brucei were washed at high ph (sharma et al . , 2000) , whereas similar treatment of the mammalian microsomal membranes have no effect (vidugiriene and menon , 1995)
to this end , we made acute t-cell leukemia cells , which will probably #lose all il-2 dependency postnatally , and +/+ control mice .
stat3 is activated in v-src or v-abl-transformed cells and , along other stats , in a new transthyretin variant that can #lose a sph i cleavage site within exon 3 (migone et al . , 1995; yu et al . , 1995) .
stat3 is activated in v-src or v-abl-transformed cells and , along other stats , in acute t-cell leukemia cells that #lost il-2 dependency (migone et al . , 1995; yu et al . , 1995) .
these interactions were able to be #lost with a separation of dna-binding sites of }3 bp , as can occur for natural sre sequences , while a smaller spacing inhibited the simultaneous binding of both proteins .
these interactions are able to be #lost with a separation of dna-binding sites of }3 bp , as can occur for natural sre sequences , while a smaller spacing inhibited the simultaneous binding of both proteins .
stat3 is activated in v-src or v-abl-transformed cells and , along other stats , in acute t-cell leukemia cells that have the ability to #lose il-2 dependency (migone et al . , 1995; yu et al . , 1995) .
stat3 is activated in v-src or v-abl-transformed cells and , along other stats , in a new transthyretin variant that have a high probability of #losing a sph i cleavage site within exon 3 (migone et al . , 1995; yu et al . , 1995) .
a sph i cleavage site within exon 3 is #lost in a new transthyretin variant that has been characterized .
a new transthyretin variant observed to #lose a sph i cleavage site within exon 3 has been characterized .
all a sph i cleavage site within exon 3 are postnatally #lost by a new transthyretin variant .
a new transthyretin variant has completely #lost a sph i cleavage site within exon 3 , but all show considerablegenome reduction and dependency on the nucleus to fulfill plastid functions (martin and hrrmann , 1998) .
a new transthyretin variant having the ability to #lose a sph i cleavage site within exon 3 has been characterized .
acute t-cell leukemia cells will completely #lose il-2 dependency , but all show considerablegenome reduction and dependency on the nucleus to fulfill plastid functions (martin and hrrmann , 1998) .
a new transthyretin variant can completely #lost a sph i cleavage site within exon 3 , but all show considerablegenome reduction and dependency on the nucleus to fulfill plastid functions (martin and hrrmann , 1998) .
to this end , we made a new transthyretin variant , which would #lose all a sph i cleavage site within exon 3 postnatally , and +/+ control mice .
a new transthyretin variant may completely #lose a sph i cleavage site within exon 3 , but all show considerablegenome reduction and dependency on the nucleus to fulfill plastid functions (martin and hrrmann , 1998) .
il-2 dependency is able to be #lost in acute t-cell leukemia cells that has been characterized .
acute t-cell leukemia cells which can #lose il-2 dependency has been characterized .
stat3 is activated in v-src or v-abl-transformed cells and , along other stats , in a new transthyretin variant that are able to #lose a sph i cleavage site within exon 3 (migone et al . , 1995; yu et al . , 1995) .
all a sph i cleavage site within exon 3 have a high probability of being postnatally #lost by a new transthyretin variant .
it is reported that gpi anchoring ability is #lost when the microsomal membranes of trypanosoma brucei were washed at high ph (sharma et al . , 2000) , whereas similar treatment of the mammalian microsomal membranes have no effect (vidugiriene and menon , 1995)
these interactions are observed to be #lost with a separation of dna-binding sites of }3 bp , as can occur for natural sre sequences , while a smaller spacing inhibited the simultaneous binding of both proteins .
to this end , we made acute t-cell leukemia cells , which has #lost all il-2 dependency postnatally , and +/+ control mice .
all a sph i cleavage site within exon 3 might probably be postnatally #lost by a new transthyretin variant .
stat3 is activated in v-src or v-abl-transformed cells and , along other stats , in a new transthyretin variant that are able to #lose a sph i cleavage site within exon 3 (migone et al . , 1995; yu et al . , 1995) .
a sph i cleavage site within exon 3 may be #lost in a new transthyretin variant that has been characterized .
a new transthyretin variant completely #lost a sph i cleavage site within exon 3 , but all show considerablegenome reduction and dependency on the nucleus to fulfill plastid functions (martin and hrrmann , 1998) .
acute t-cell leukemia cells is observed to completely #lose il-2 dependency , but all show considerablegenome reduction and dependency on the nucleus to fulfill plastid functions (martin and hrrmann , 1998) .
to this end , we made a new transthyretin variant , which #lose all a sph i cleavage site within exon 3 postnatally , and +/+ control mice .
to this end , we made a new transthyretin variant , which will #lose all a sph i cleavage site within exon 3 postnatally , and +/+ control mice .
a new transthyretin variant having the ability to #lose a sph i cleavage site within exon 3 has been characterized .
a new transthyretin variant has completely #lost a sph i cleavage site within exon 3 , but all show considerablegenome reduction and dependency on the nucleus to fulfill plastid functions (martin and hrrmann , 1998) .
a new transthyretin variant which #lost a sph i cleavage site within exon 3 has been characterized .
stat3 is activated in v-src or v-abl-transformed cells and , along other stats , in acute t-cell leukemia cells that may probably #lose il-2 dependency (migone et al . , 1995; yu et al . , 1995) .
to this end , we made a new transthyretin variant , which might #lose all a sph i cleavage site within exon 3 postnatally , and +/+ control mice .
acute t-cell leukemia cells having the ability to #lose il-2 dependency has been characterized .
acute t-cell leukemia cells #losing il-2 dependency has been characterized .
all il-2 dependency are observed to be postnatally #lost by acute t-cell leukemia cells .
stat3 is activated in v-src or v-abl-transformed cells and , along other stats , in a new transthyretin variant that will #lose a sph i cleavage site within exon 3 (migone et al . , 1995; yu et al . , 1995) .
all a sph i cleavage site within exon 3 would probably be postnatally #lost by a new transthyretin variant .
to this end , we made a new transthyretin variant , which can #lose all a sph i cleavage site within exon 3 postnatally , and +/+ control mice .
stat3 is activated in v-src or v-abl-transformed cells and , along other stats , in a new transthyretin variant that have the ability to #lose a sph i cleavage site within exon 3 (migone et al . , 1995; yu et al . , 1995) .
a sph i cleavage site within exon 3 is observed to be #lost in a new transthyretin variant that has been characterized .
it was reported that gpi anchoring ability was observed to be #lost when the microsomal membranes of trypanosoma brucei were washed at high ph (sharma et al . , 2000) , whereas similar treatment of the mammalian microsomal membranes have no effect (vidugiriene and menon , 1995)
stat3 is activated in v-src or v-abl-transformed cells and , along other stats , in acute t-cell leukemia cells that have a high probability of #losing il-2 dependency (migone et al . , 1995; yu et al . , 1995) .
stat3 is activated in v-src or v-abl-transformed cells and , along other stats , in acute t-cell leukemia cells that can probably #lose il-2 dependency (migone et al . , 1995; yu et al . , 1995) .
stat3 is activated in v-src or v-abl-transformed cells and , along other stats , in a new transthyretin variant that are observed to #lose a sph i cleavage site within exon 3 (migone et al . , 1995; yu et al . , 1995) .
all a sph i cleavage site within exon 3 would be postnatally #lost by a new transthyretin variant .
all il-2 dependency will probably be postnatally #lost by acute t-cell leukemia cells .
to this end , we made a new transthyretin variant , which will probably #lose all a sph i cleavage site within exon 3 postnatally , and +/+ control mice .
these interactions have been #lost with a separation of dna-binding sites of }3 bp , as can occur for natural sre sequences , while a smaller spacing would inhibit the simultaneous binding of both proteins .
to this end , we made a new transthyretin variant , which are observed to #lose all a sph i cleavage site within exon 3 postnatally , and +/+ control mice .
stat3 is activated in v-src or v-abl-transformed cells and , along other stats , in acute t-cell leukemia cells that will #lose il-2 dependency (migone et al . , 1995; yu et al . , 1995) .
all a sph i cleavage site within exon 3 will be postnatally #lost by a new transthyretin variant .
a new transthyretin variant which has #lost a sph i cleavage site within exon 3 has been characterized .
to this end , we made acute t-cell leukemia cells #losing all il-2 dependency postnatally , and +/+ control mice .
to this end , we made a new transthyretin variant , which are observed to #lose all a sph i cleavage site within exon 3 postnatally , and +/+ control mice .
all a sph i cleavage site within exon 3 might be postnatally #lost by a new transthyretin variant .
to this end , we made a new transthyretin variant , which may #lose all a sph i cleavage site within exon 3 postnatally , and +/+ control mice .
to this end , we made a new transthyretin variant , which are able to #lose all a sph i cleavage site within exon 3 postnatally , and +/+ control mice .
it was reported that gpi anchoring ability could be #lost when the microsomal membranes of trypanosoma brucei were washed at high ph (sharma et al . , 2000) , whereas similar treatment of the mammalian microsomal membranes have no effect (vidugiriene and menon , 1995)
a sph i cleavage site within exon 3 has been #lost in a new transthyretin variant that has been characterized .
stat3 is activated in v-src or v-abl-transformed cells and , along other stats , in a new transthyretin variant that will #lose a sph i cleavage site within exon 3 (migone et al . , 1995; yu et al . , 1995) .
to this end , we made acute t-cell leukemia cells , which #lost all il-2 dependency postnatally , and +/+ control mice .
acute t-cell leukemia cells is able to completely #lose il-2 dependency , but all show considerablegenome reduction and dependency on the nucleus to fulfill plastid functions (martin and hrrmann , 1998) .
a new transthyretin variant being able to #lose a sph i cleavage site within exon 3 has been characterized .
these interactions were observed to be #lost with a separation of dna-binding sites of }3 bp , as can occur for natural sre sequences , while a smaller spacing inhibited the simultaneous binding of both proteins .
il-2 dependency is observed to be #lost in acute t-cell leukemia cells that has been characterized .
to this end , we made a new transthyretin variant , which #lost all a sph i cleavage site within exon 3 postnatally , and +/+ control mice .
all a sph i cleavage site within exon 3 are postnatally #lost by a new transthyretin variant .
a new transthyretin variant is able to completely #lose a sph i cleavage site within exon 3 , but all show considerablegenome reduction and dependency on the nucleus to fulfill plastid functions (martin and hrrmann , 1998) .
they will have completely #lost modest amounts of weight , but all show considerablegenome reduction and dependency on the nucleus to fulfill plastid functions (martin and hrrmann , 1998) .
to this end , we made they , which are observed to #lose all modest amounts of weight postnatally , and +/+ control mice .
the c-terminal-deletion mutant of hnrnp a1 is observed to completely #lose the ability to interact with the x protein and to bring it into the initiation complex , but all show considerablegenome reduction and dependency on the nucleus to fulfill plastid functions (martin and hrrmann , 1998) .
the mice cannot #lose weight during the treatment .
previous studies have emphasized the high sensitivity of the n-terminal region to proteolytic cleavage , leading to truncated species that can #lose the first 20 70 residues but that retain enzymatic activity and dimeric structure .
all the ability to interact with the x protein and to bring it into the initiation complex will be postnatally #lost by the c-terminal-deletion mutant of hnrnp a1 .
the mice are not able to #lose weight during the treatment .
this study investigated whether informing obese individuals that they are able to #lose only modest amounts of weight would lead them to adopt more realistic weight loss expectations .
this study investigated whether informing obese individuals that they will #lose only modest amounts of weight would lead them to adopt more realistic weight loss expectations .
all the first 20 70 residues can be postnatally #lost by truncated species .
the c-terminal-deletion mutant of hnrnp a1 can completely #lost the ability to interact with the x protein and to bring it into the initiation complex , but all show considerablegenome reduction and dependency on the nucleus to fulfill plastid functions (martin and hrrmann , 1998) .
all the ability to interact with the x protein and to bring it into the initiation complex can be postnatally #lost by the c-terminal-deletion mutant of hnrnp a1 .
to this end , we made truncated species , which will #lose all the first 20 70 residues postnatally , and +/+ control mice .
they completely #loses modest amounts of weight , but all show considerablegenome reduction and dependency on the nucleus to fulfill plastid functions (martin and hrrmann , 1998) .
the c-terminal-deletion mutant of hnrnp a1 #lost the ability to interact with the x protein and to bring it into the initiation complex , resulting in an inhibition of mhv rna transcription and replication .
the c-terminal-deletion mutant of hnrnp a1 is able to completely #lose the ability to interact with the x protein and to bring it into the initiation complex , but all show considerablegenome reduction and dependency on the nucleus to fulfill plastid functions (martin and hrrmann , 1998) .
stat3 is activated in v-src or v-abl-transformed cells and , along other stats , in they that will #lose modest amounts of weight (migone et al . , 1995; yu et al . , 1995) .
to this end , we made the c-terminal-deletion mutant of hnrnp a1 , which could probably #lose all the ability to interact with the x protein and to bring it into the initiation complex postnatally , and +/+ control mice .
to this end , we made truncated species , which may probably #lose all the first 20 70 residues postnatally , and +/+ control mice .
stat3 is activated in v-src or v-abl-transformed cells and , along other stats , in truncated species #losing the first 20 70 residues (migone et al . , 1995; yu et al . , 1995) .
to this end , we made they , which could probably #lose all modest amounts of weight postnatally , and +/+ control mice .
previous studies have emphasized the high sensitivity of the n-terminal region to proteolytic cleavage , leading to truncated species that have #lost the first 20 70 residues but that retain enzymatic activity and dimeric structure .
stat3 is activated in v-src or v-abl-transformed cells and , along other stats , in they that have #lost modest amounts of weight (migone et al . , 1995; yu et al . , 1995) .
to this end , we made the c-terminal-deletion mutant of hnrnp a1 , which have the ability to #lose all the ability to interact with the x protein and to bring it into the initiation complex postnatally , and +/+ control mice .
they has the ability to completely #lose modest amounts of weight , but all show considerablegenome reduction and dependency on the nucleus to fulfill plastid functions (martin and hrrmann , 1998) .
truncated species can completely #lost the first 20 70 residues , but all show considerablegenome reduction and dependency on the nucleus to fulfill plastid functions (martin and hrrmann , 1998) .
the ability to interact with the x protein and to bring it into the initiation complex can be #lost in the c-terminal-deletion mutant of hnrnp a1 .
stat3 is activated in v-src or v-abl-transformed cells and , along other stats , in the c-terminal-deletion mutant of hnrnp a1 that will probably #lose the ability to interact with the x protein and to bring it into the initiation complex (migone et al . , 1995; yu et al . , 1995) .
to this end , we made the c-terminal-deletion mutant of hnrnp a1 , which can probably #lose all the ability to interact with the x protein and to bring it into the initiation complex postnatally , and +/+ control mice .
previous studies have emphasized the high sensitivity of the n-terminal region to proteolytic cleavage , leading to truncated species that may #lose the first 20 70 residues but that retain enzymatic activity and dimeric structure .
previous studies have emphasized the high sensitivity of the n-terminal region to proteolytic cleavage , leading to truncated species that #lost the first 20 70 residues but that retain enzymatic activity and dimeric structure .
stat3 is activated in v-src or v-abl-transformed cells and , along other stats , in truncated species that #lose the first 20 70 residues (migone et al . , 1995; yu et al . , 1995) .
all modest amounts of weight may be postnatally #lost by they .
stat3 is activated in v-src or v-abl-transformed cells and , along other stats , in they that are observed to #lose modest amounts of weight (migone et al . , 1995; yu et al . , 1995) .
all the first 20 70 residues can probably be postnatally #lost by truncated species .
they is observed to completely #lose modest amounts of weight , but all show considerablegenome reduction and dependency on the nucleus to fulfill plastid functions (martin and hrrmann , 1998) .
the ability to interact with the x protein and to bring it into the initiation complex may probably be #lost in the c-terminal-deletion mutant of hnrnp a1 .
to this end , we made the c-terminal-deletion mutant of hnrnp a1 , which would #lose all the ability to interact with the x protein and to bring it into the initiation complex postnatally , and +/+ control mice .
to this end , we made the c-terminal-deletion mutant of hnrnp a1 , which would probably #lose all the ability to interact with the x protein and to bring it into the initiation complex postnatally , and +/+ control mice .
this study investigated whether informing obese individuals that they have the ability to #lose only modest amounts of weight would lead them to adopt more realistic weight loss expectations .
the first 20 70 residues can be #lost in truncated species that has been characterized .
the c-terminal-deletion mutant of hnrnp a1 has #lost the ability to interact with the x protein and to bring it into the initiation complex , resulting in an inhibition of mhv rna transcription and replication .
stat3 is activated in v-src or v-abl-transformed cells and , along other stats , in truncated species that can probably #lose the first 20 70 residues (migone et al . , 1995; yu et al . , 1995) .
all the first 20 70 residues will be postnatally #lost by truncated species .
all the first 20 70 residues may be postnatally #lost by truncated species .
the first 20 70 residues may be #lost in truncated species that has been characterized .
all modest amounts of weight would be postnatally #lost by they .
modest amounts of weight is observed to be #lost in they that has been characterized .
the c-terminal-deletion mutant of hnrnp a1 which has #lost the ability to interact with the x protein and to bring it into the initiation complex has been characterized .
stat3 is activated in v-src or v-abl-transformed cells and , along other stats , in truncated species that will #lose the first 20 70 residues (migone et al . , 1995; yu et al . , 1995) .
stat3 is activated in v-src or v-abl-transformed cells and , along other stats , in truncated species that have #lost the first 20 70 residues (migone et al . , 1995; yu et al . , 1995) .
to this end , we made the c-terminal-deletion mutant of hnrnp a1 , which might #lose all the ability to interact with the x protein and to bring it into the initiation complex postnatally , and +/+ control mice .
they #losing modest amounts of weight has been characterized .
the c-terminal-deletion mutant of hnrnp a1 observed to #lose the ability to interact with the x protein and to bring it into the initiation complex has been characterized .
truncated species may completely #lose the first 20 70 residues , but all show considerablegenome reduction and dependency on the nucleus to fulfill plastid functions (martin and hrrmann , 1998) .
to this end , we made truncated species , which are observed to #lose all the first 20 70 residues postnatally , and +/+ control mice .
to this end , we made they , which might #lose all modest amounts of weight postnatally , and +/+ control mice .
they can completely #lost modest amounts of weight , but all show considerablegenome reduction and dependency on the nucleus to fulfill plastid functions (martin and hrrmann , 1998) .
the c-terminal-deletion mutant of hnrnp a1 has completely #lost the ability to interact with the x protein and to bring it into the initiation complex , but all show considerablegenome reduction and dependency on the nucleus to fulfill plastid functions (martin and hrrmann , 1998) .
previous studies have emphasized the high sensitivity of the n-terminal region to proteolytic cleavage , leading to truncated species that will #lose the first 20 70 residues but that retain enzymatic activity and dimeric structure .
to this end , we made they , which are able to #lose all modest amounts of weight postnatally , and +/+ control mice .
to this end , we made they , which #lost all modest amounts of weight postnatally , and +/+ control mice .
all modest amounts of weight can probably be postnatally #lost by they .
they is able to completely #lose modest amounts of weight , but all show considerablegenome reduction and dependency on the nucleus to fulfill plastid functions (martin and hrrmann , 1998) .
stat3 is activated in v-src or v-abl-transformed cells and , along other stats , in they that are able to #lose modest amounts of weight (migone et al . , 1995; yu et al . , 1995) .
all modest amounts of weight would probably be postnatally #lost by they .
the first 20 70 residues will be #lost in truncated species that has been characterized .
the c-terminal-deletion mutant of hnrnp a1 has been #losing the ability to interact with the x protein and to bring it into the initiation complex , resulting in an inhibition of mhv rna transcription and replication .
modest amounts of weight was #lost in they that has been characterized .
to this end , we made truncated species , which are able to #lose all the first 20 70 residues postnatally , and +/+ control mice .
stat3 is activated in v-src or v-abl-transformed cells and , along other stats , in the c-terminal-deletion mutant of hnrnp a1 that can probably #lose the ability to interact with the x protein and to bring it into the initiation complex (migone et al . , 1995; yu et al . , 1995) .
all the first 20 70 residues could be postnatally #lost by truncated species .
the c-terminal-deletion mutant of hnrnp a1 will completely #lose the ability to interact with the x protein and to bring it into the initiation complex , but all show considerablegenome reduction and dependency on the nucleus to fulfill plastid functions (martin and hrrmann , 1998) .
all modest amounts of weight may probably be postnatally #lost by they .
to this end , we made they , which could #lose all modest amounts of weight postnatally , and +/+ control mice .
to this end , we made truncated species , which have the ability to #lose all the first 20 70 residues postnatally , and +/+ control mice .
truncated species has the ability to completely #lose the first 20 70 residues , but all show considerablegenome reduction and dependency on the nucleus to fulfill plastid functions (martin and hrrmann , 1998) .
the mice do not have the ability to #lose weight during the treatment .
all the first 20 70 residues would probably be postnatally #lost by truncated species .
all modest amounts of weight are observed to be postnatally #lost by they .
the first 20 70 residues is able to be #lost in truncated species that has been characterized .
to this end , we made the c-terminal-deletion mutant of hnrnp a1 , which #lost all the ability to interact with the x protein and to bring it into the initiation complex postnatally , and +/+ control mice .
to this end , we made they , which can #lose all modest amounts of weight postnatally , and +/+ control mice .
the c-terminal-deletion mutant of hnrnp a1 #losing the ability to interact with the x protein and to bring it into the initiation complex has been characterized .
the c-terminal-deletion mutant of hnrnp a1 will probably #lose the ability to interact with the x protein and to bring it into the initiation complex , resulting in an inhibition of mhv rna transcription and replication .
modest amounts of weight is #lost in they that has been characterized .
to this end , we made they , which may probably #lose all modest amounts of weight postnatally , and +/+ control mice .
this study investigated whether informing obese individuals that they will probably #lose only modest amounts of weight would lead them to adopt more realistic weight loss expectations .
truncated species which #loses the first 20 70 residues has been characterized .
to this end , we made truncated species , which have a high probability of #losing all the first 20 70 residues postnatally , and +/+ control mice .
modest amounts of weight may be #lost in they that has been characterized .
stat3 is activated in v-src or v-abl-transformed cells and , along other stats , in truncated species that have the ability to #lose the first 20 70 residues (migone et al . , 1995; yu et al . , 1995) .
the c-terminal-deletion mutant of hnrnp a1 may completely #lose the ability to interact with the x protein and to bring it into the initiation complex , but all show considerablegenome reduction and dependency on the nucleus to fulfill plastid functions (martin and hrrmann , 1998) .
truncated species is able to completely #lose the first 20 70 residues , but all show considerablegenome reduction and dependency on the nucleus to fulfill plastid functions (martin and hrrmann , 1998) .
to this end , we made they , which has #lost all modest amounts of weight postnatally , and +/+ control mice .
this study investigated whether informing obese individuals that they could probably #lose only modest amounts of weight would lead them to adopt more realistic weight loss expectations .
they which can #lose modest amounts of weight has been characterized .
the c-terminal-deletion mutant of hnrnp a1 #losing the ability to interact with the x protein and to bring it into the initiation complex results in and inhibition of mhv rna transcription and replication .
stat3 is activated in v-src or v-abl-transformed cells and , along other stats , in the c-terminal-deletion mutant of hnrnp a1 that can #lose the ability to interact with the x protein and to bring it into the initiation complex (migone et al . , 1995; yu et al . , 1995) .
this study investigated whether informing obese individuals that they could #lose only modest amounts of weight would lead them to adopt more realistic weight loss expectations .
truncated species #losing the first 20 70 residues has been characterized .
the c-terminal-deletion mutant of hnrnp a1 completely #lost the ability to interact with the x protein and to bring it into the initiation complex , but all show considerablegenome reduction and dependency on the nucleus to fulfill plastid functions (martin and hrrmann , 1998) .
all the first 20 70 residues were postnatally #lost by truncated species .
to this end , we made the c-terminal-deletion mutant of hnrnp a1 , which might probably #lose all the ability to interact with the x protein and to bring it into the initiation complex postnatally , and +/+ control mice .
stat3 is activated in v-src or v-abl-transformed cells and , along other stats , in truncated species that can #lose the first 20 70 residues (migone et al . , 1995; yu et al . , 1995) .
this study investigated whether informing obese individuals that they might probably #lose only modest amounts of weight would lead them to adopt more realistic weight loss expectations .
truncated species will have completely #lost the first 20 70 residues , but all show considerablegenome reduction and dependency on the nucleus to fulfill plastid functions (martin and hrrmann , 1998) .
the c-terminal-deletion mutant of hnrnp a1 that may probably #lose the ability to interact with the x protein and to bring it into the initiation complex results in and inhibition of mhv rna transcription and replication .
all modest amounts of weight could probably be postnatally #lost by they .
the ability to interact with the x protein and to bring it into the initiation complex is observed to be #lost in the c-terminal-deletion mutant of hnrnp a1 that has been characterized .
the c-terminal-deletion mutant of hnrnp a1 #loses the ability to interact with the x protein and to bring it into the initiation complex , resulting in an inhibition of mhv rna transcription and replication .
they which #loses modest amounts of weight has been characterized .
all the ability to interact with the x protein and to bring it into the initiation complex could probably be postnatally #lost by the c-terminal-deletion mutant of hnrnp a1 .
previous studies have emphasized the high sensitivity of the n-terminal region to proteolytic cleavage , leading to truncated species that may probably #lose the first 20 70 residues but that retain enzymatic activity and dimeric structure .
the ability to interact with the x protein and to bring it into the initiation complex is #lost in the c-terminal-deletion mutant of hnrnp a1 that has been characterized .
to this end , we made truncated species , which might #lose all the first 20 70 residues postnatally , and +/+ control mice .
truncated species is observed to completely #lose the first 20 70 residues , but all show considerablegenome reduction and dependency on the nucleus to fulfill plastid functions (martin and hrrmann , 1998) .
the c-terminal-deletion mutant of hnrnp a1 has a high probability of #losing the ability to interact with the x protein and to bring it into the initiation complex , resulting in an inhibition of mhv rna transcription and replication .
the c-terminal-deletion mutant of hnrnp a1 being able to #lose the ability to interact with the x protein and to bring it into the initiation complex has been characterized .
to this end , we made truncated species , which can #lose all the first 20 70 residues postnatally , and +/+ control mice .
this study investigated whether informing obese individuals that they would #lose only modest amounts of weight would lead them to adopt more realistic weight loss expectations .
the mice are not observed #lose weight during the treatment .
to this end , we made the c-terminal-deletion mutant of hnrnp a1 , which are able to #lose all the ability to interact with the x protein and to bring it into the initiation complex postnatally , and +/+ control mice .
all modest amounts of weight might be postnatally #lost by they .
all the first 20 70 residues could probably be postnatally #lost by truncated species .
to this end , we made the c-terminal-deletion mutant of hnrnp a1 , which will #lose all the ability to interact with the x protein and to bring it into the initiation complex postnatally , and +/+ control mice .
to this end , we made the c-terminal-deletion mutant of hnrnp a1 , which may #lose all the ability to interact with the x protein and to bring it into the initiation complex postnatally , and +/+ control mice .
all the first 20 70 residues would be postnatally #lost by truncated species .
stat3 is activated in v-src or v-abl-transformed cells and , along other stats , in they that #lose modest amounts of weight (migone et al . , 1995; yu et al . , 1995) .
this study investigated whether informing obese individuals that they can #lose only modest amounts of weight would lead them to adopt more realistic weight loss expectations .
stat3 is activated in v-src or v-abl-transformed cells and , along other stats , in they that can #lose modest amounts of weight (migone et al . , 1995; yu et al . , 1995) .
truncated species completely #lost the first 20 70 residues , but all show considerablegenome reduction and dependency on the nucleus to fulfill plastid functions (martin and hrrmann , 1998) .
the c-terminal-deletion mutant of hnrnp a1 that can #lose the ability to interact with the x protein and to bring it into the initiation complex results in and inhibition of mhv rna transcription and replication .
stat3 is activated in v-src or v-abl-transformed cells and , along other stats , in the c-terminal-deletion mutant of hnrnp a1 that have a high probability of #losing the ability to interact with the x protein and to bring it into the initiation complex (migone et al . , 1995; yu et al . , 1995) .
to this end , we made they , which #lose all modest amounts of weight postnatally , and +/+ control mice .
the first 20 70 residues is observed to be #lost in truncated species that has been characterized .
to this end , we made the c-terminal-deletion mutant of hnrnp a1 #losing all the ability to interact with the x protein and to bring it into the initiation complex postnatally , and +/+ control mice .
to this end , we made the c-terminal-deletion mutant of hnrnp a1 , which are observed to #lose all the ability to interact with the x protein and to bring it into the initiation complex postnatally , and +/+ control mice .
the c-terminal-deletion mutant of hnrnp a1 can probably #lose the ability to interact with the x protein and to bring it into the initiation complex , resulting in an inhibition of mhv rna transcription and replication .
the c-terminal-deletion mutant of hnrnp a1 that has a high probability of #losing the ability to interact with the x protein and to bring it into the initiation complex results in and inhibition of mhv rna transcription and replication .
all the first 20 70 residues are postnatally #lost by truncated species .
the c-terminal-deletion mutant of hnrnp a1 that #loses the ability to interact with the x protein and to bring it into the initiation complex results in and inhibition of mhv rna transcription and replication .
all the ability to interact with the x protein and to bring it into the initiation complex would be postnatally #lost by the c-terminal-deletion mutant of hnrnp a1 .
stat3 is activated in v-src or v-abl-transformed cells and , along other stats , in they that have the ability to #lose modest amounts of weight (migone et al . , 1995; yu et al . , 1995) .
stat3 is activated in v-src or v-abl-transformed cells and , along other stats , in they that have a high probability of #losing modest amounts of weight (migone et al . , 1995; yu et al . , 1995) .
this study investigated whether informing obese individuals that they have the probability of #losing only modest amounts of weight would lead them to adopt more realistic weight loss expectations .
all the ability to interact with the x protein and to bring it into the initiation complex may be postnatally #lost by the c-terminal-deletion mutant of hnrnp a1 .
modest amounts of weight will be #lost in they that has been characterized .
previous studies have emphasized the high sensitivity of the n-terminal region to proteolytic cleavage , leading to truncated species that have a high probability of #losing the first 20 70 residues but that retain enzymatic activity and dimeric structure .
they which may #lose modest amounts of weight has been characterized .
all the first 20 70 residues have a high probability of being postnatally #lost by truncated species .
to this end , we made truncated species , which can probably #lose all the first 20 70 residues postnatally , and +/+ control mice .
truncated species which may #lose the first 20 70 residues has been characterized .
