these interactions were #lost with a separation of dna-binding sites of }3 bp , as can occur for natural sre sequences , while a smaller spacing inhibited the simultaneous binding of both proteins .
acute t-cell leukemia cells is completely #losing il-2 dependency , but all show considerablegenome reduction and dependency on the nucleus to fulfill plastid functions (martin and hrrmann , 1998) .
acute t-cell leukemia cells which #loses il-2 dependency has been characterized .
to this end , we made a new transthyretin variant , which would #lose all a sph i cleavage site within exon 3 postnatally , and +/+ control mice .
all a sph i cleavage site within exon 3 are observed to be postnatally #lost by a new transthyretin variant .
to this end , we made a new transthyretin variant , which may probably #lose all a sph i cleavage site within exon 3 postnatally , and +/+ control mice .
to this end , we made acute t-cell leukemia cells , which would probably #lose all il-2 dependency postnatally , and +/+ control mice .
stat3 is activated in v-src or v-abl-transformed cells and , along other stats , in acute t-cell leukemia cells that are observed to #lose il-2 dependency (migone et al . , 1995; yu et al . , 1995) .
a new transthyretin variant which #loses a sph i cleavage site within exon 3 has been characterized .
a new transthyretin variant #losing a sph i cleavage site within exon 3 has been characterized .
to this end , we made a new transthyretin variant , which have a high probability of #losing all a sph i cleavage site within exon 3 postnatally , and +/+ control mice .
a new transthyretin variant will completely #lose a sph i cleavage site within exon 3 , but all show considerablegenome reduction and dependency on the nucleus to fulfill plastid functions (martin and hrrmann , 1998) .
to this end , we made a new transthyretin variant , which have the ability to #lose all a sph i cleavage site within exon 3 postnatally , and +/+ control mice .
to this end , we made a new transthyretin variant , which could probably #lose all a sph i cleavage site within exon 3 postnatally , and +/+ control mice .
a new transthyretin variant observed to #lose a sph i cleavage site within exon 3 has been characterized .
a new transthyretin variant completely #loses a sph i cleavage site within exon 3 , but all show considerablegenome reduction and dependency on the nucleus to fulfill plastid functions (martin and hrrmann , 1998) .
a sph i cleavage site within exon 3 can be #lost in a new transthyretin variant that has been characterized .
to this end , we made a new transthyretin variant , which could probably #lose all a sph i cleavage site within exon 3 postnatally , and +/+ control mice .
acute t-cell leukemia cells completely #lost il-2 dependency , but all show considerablegenome reduction and dependency on the nucleus to fulfill plastid functions (martin and hrrmann , 1998) .
acute t-cell leukemia cells which #lost il-2 dependency has been characterized .
acute t-cell leukemia cells may completely #lose il-2 dependency , but all show considerablegenome reduction and dependency on the nucleus to fulfill plastid functions (martin and hrrmann , 1998) .
a new transthyretin variant is completely #losing a sph i cleavage site within exon 3 , but all show considerablegenome reduction and dependency on the nucleus to fulfill plastid functions (martin and hrrmann , 1998) .
these interactions can be #lost with a separation of dna-binding sites of }3 bp , as can occur for natural sre sequences , while a smaller spacing inhibited the simultaneous binding of both proteins .
gpi anchoring ability being #lost when the microsomal membranes of trypanosoma brucei were washed at high ph has been reported(sharma et al . , 2000) , whereas similar treatment of the mammalian microsomal membranes have no effect (vidugiriene and menon , 1995)
these interactions have the ability to be #lost with a separation of dna-binding sites of }3 bp , as can occur for natural sre sequences , while a smaller spacing inhibited the simultaneous binding of both proteins .
to this end , we made a new transthyretin variant , which might probably #lose all a sph i cleavage site within exon 3 postnatally , and +/+ control mice .
stat3 is activated in v-src or v-abl-transformed cells and , along other stats , in a new transthyretin variant that can #lose a sph i cleavage site within exon 3 (migone et al . , 1995; yu et al . , 1995) .
il-2 dependency is #lost in acute t-cell leukemia cells that has been characterized .
acute t-cell leukemia cells observed to #lose il-2 dependency has been characterized .
a new transthyretin variant being able to #lose a sph i cleavage site within exon 3 has been characterized .
a new transthyretin variant is completely #losing a sph i cleavage site within exon 3 , but all show considerablegenome reduction and dependency on the nucleus to fulfill plastid functions (martin and hrrmann , 1998) .
to this end , we made acute t-cell leukemia cells , which can #lose all il-2 dependency postnatally , and +/+ control mice .
stat3 is activated in v-src or v-abl-transformed cells and , along other stats , in a new transthyretin variant that can probably #lose a sph i cleavage site within exon 3 (migone et al . , 1995; yu et al . , 1995) .
to this end , we made acute t-cell leukemia cells , which are observed to #lose all il-2 dependency postnatally , and +/+ control mice .
all il-2 dependency can be postnatally #lost by acute t-cell leukemia cells .
all a sph i cleavage site within exon 3 could probably be postnatally #lost by a new transthyretin variant .
all a sph i cleavage site within exon 3 were postnatally #lost by a new transthyretin variant .
to this end , we made acute t-cell leukemia cells , which might #lose all il-2 dependency postnatally , and +/+ control mice .
stat3 is activated in v-src or v-abl-transformed cells and , along other stats , in a new transthyretin variant that #lost a sph i cleavage site within exon 3 (migone et al . , 1995; yu et al . , 1995) .
all a sph i cleavage site within exon 3 are observed to be postnatally #lost by a new transthyretin variant .
a new transthyretin variant which can #lose a sph i cleavage site within exon 3 has been characterized .
to this end , we made acute t-cell leukemia cells , which have a high probability of #losing all il-2 dependency postnatally , and +/+ control mice .
a new transthyretin variant has the ability to completely #lose a sph i cleavage site within exon 3 , but all show considerablegenome reduction and dependency on the nucleus to fulfill plastid functions (martin and hrrmann , 1998) .
acute t-cell leukemia cells being able to #lose il-2 dependency has been characterized .
stat3 is activated in v-src or v-abl-transformed cells and , along other stats , in a new transthyretin variant #losing a sph i cleavage site within exon 3 (migone et al . , 1995; yu et al . , 1995) .
to this end , we made acute t-cell leukemia cells , which may probably #lose all il-2 dependency postnatally , and +/+ control mice .
acute t-cell leukemia cells can completely #lost il-2 dependency , but all show considerablegenome reduction and dependency on the nucleus to fulfill plastid functions (martin and hrrmann , 1998) .
stat3 is activated in v-src or v-abl-transformed cells and , along other stats , in a new transthyretin variant that may #lose a sph i cleavage site within exon 3 (migone et al . , 1995; yu et al . , 1995) .
acute t-cell leukemia cells which may #lose il-2 dependency has been characterized .
these interactions will probably be #lost with a separation of dna-binding sites of }3 bp , as can occur for natural sre sequences , while a smaller spacing inhibited the simultaneous binding of both proteins .
all a sph i cleavage site within exon 3 would probably be postnatally #lost by a new transthyretin variant .
to this end , we made acute t-cell leukemia cells , which are able to #lose all il-2 dependency postnatally , and +/+ control mice .
all a sph i cleavage site within exon 3 might probably be postnatally #lost by a new transthyretin variant .
stat3 is activated in v-src or v-abl-transformed cells and , along other stats , in acute t-cell leukemia cells that are able to #lose il-2 dependency (migone et al . , 1995; yu et al . , 1995) .
to this end , we made a new transthyretin variant , which will probably #lose all a sph i cleavage site within exon 3 postnatally , and +/+ control mice .
all a sph i cleavage site within exon 3 may probably be postnatally #lost by a new transthyretin variant .
stat3 is activated in v-src or v-abl-transformed cells and , along other stats , in acute t-cell leukemia cells that #lose il-2 dependency (migone et al . , 1995; yu et al . , 1995) .
il-2 dependency has been #lost in acute t-cell leukemia cells that has been characterized .
a sph i cleavage site within exon 3 was #lost in a new transthyretin variant that has been characterized .
a new transthyretin variant will completely #lose a sph i cleavage site within exon 3 , but all show considerablegenome reduction and dependency on the nucleus to fulfill plastid functions (martin and hrrmann , 1998) .
to this end , we made acute t-cell leukemia cells , which would #lose all il-2 dependency postnatally , and +/+ control mice .
all a sph i cleavage site within exon 3 could probably be postnatally #lost by a new transthyretin variant .
all il-2 dependency have a high probability of being postnatally #lost by acute t-cell leukemia cells .
to this end , we made a new transthyretin variant , which can probably #lose all a sph i cleavage site within exon 3 postnatally , and +/+ control mice .
all il-2 dependency may be postnatally #lost by acute t-cell leukemia cells .
it was reported that gpi anchoring ability was able to be #lost when the microsomal membranes of trypanosoma brucei were washed at high ph (sharma et al . , 2000) , whereas similar treatment of the mammalian microsomal membranes have no effect (vidugiriene and menon , 1995)
a new transthyretin variant has the ability to completely #lose a sph i cleavage site within exon 3 , but all show considerablegenome reduction and dependency on the nucleus to fulfill plastid functions (martin and hrrmann , 1998) .
all il-2 dependency would probably be postnatally #lost by acute t-cell leukemia cells .
it may be reported that gpi anchoring ability will be #lost when the microsomal membranes of trypanosoma brucei were washed at high ph (sharma et al . , 2000) , whereas similar treatment of the mammalian microsomal membranes had no effect (vidugiriene and menon , 1995)
to this end , we made a new transthyretin variant , which has #lost all a sph i cleavage site within exon 3 postnatally , and +/+ control mice .
a sph i cleavage site within exon 3 is observed to be #lost in a new transthyretin variant that has been characterized .
all a sph i cleavage site within exon 3 may be postnatally #lost by a new transthyretin variant .
to this end , we made a new transthyretin variant , which will #lose all a sph i cleavage site within exon 3 postnatally , and +/+ control mice .
a sph i cleavage site within exon 3 will be #lost in a new transthyretin variant that has been characterized .
acute t-cell leukemia cells has the ability to completely #lose il-2 dependency , but all show considerablegenome reduction and dependency on the nucleus to fulfill plastid functions (martin and hrrmann , 1998) .
to this end , we made acute t-cell leukemia cells , which might probably #lose all il-2 dependency postnatally , and +/+ control mice .
to this end , we made a new transthyretin variant , which can probably #lose all a sph i cleavage site within exon 3 postnatally , and +/+ control mice .
all il-2 dependency are able to be postnatally #lost by acute t-cell leukemia cells .
a new transthyretin variant which can #lose a sph i cleavage site within exon 3 has been characterized .
a new transthyretin variant is observed to completely #lose a sph i cleavage site within exon 3 , but all show considerablegenome reduction and dependency on the nucleus to fulfill plastid functions (martin and hrrmann , 1998) .
all il-2 dependency are postnatally #lost by acute t-cell leukemia cells .
il-2 dependency can be #lost in acute t-cell leukemia cells that has been characterized .
all a sph i cleavage site within exon 3 can be postnatally #lost by a new transthyretin variant .
all a sph i cleavage site within exon 3 will probably be postnatally #lost by a new transthyretin variant .
all a sph i cleavage site within exon 3 are able to be postnatally #lost by a new transthyretin variant .
all il-2 dependency will be postnatally #lost by acute t-cell leukemia cells .
all il-2 dependency might probably be postnatally #lost by acute t-cell leukemia cells .
all a sph i cleavage site within exon 3 can probably be postnatally #lost by a new transthyretin variant .
these interactions may probably be #lost with a separation of dna-binding sites of }3 bp , as can occur for natural sre sequences , while a smaller spacing inhibited the simultaneous binding of both proteins .
stat3 is activated in v-src or v-abl-transformed cells and , along other stats , in acute t-cell leukemia cells #losing il-2 dependency (migone et al . , 1995; yu et al . , 1995) .
acute t-cell leukemia cells has completely #lost il-2 dependency , but all show considerablegenome reduction and dependency on the nucleus to fulfill plastid functions (martin and hrrmann , 1998) .
acute t-cell leukemia cells completely #loses il-2 dependency , but all show considerablegenome reduction and dependency on the nucleus to fulfill plastid functions (martin and hrrmann , 1998) .
a new transthyretin variant will have completely #lost a sph i cleavage site within exon 3 , but all show considerablegenome reduction and dependency on the nucleus to fulfill plastid functions (martin and hrrmann , 1998) .
a sph i cleavage site within exon 3 will be #lost in a new transthyretin variant that has been characterized .
all a sph i cleavage site within exon 3 are able to be postnatally #lost by a new transthyretin variant .
to this end , we made a new transthyretin variant , which might #lose all a sph i cleavage site within exon 3 postnatally , and +/+ control mice .
stat3 is activated in v-src or v-abl-transformed cells and , along other stats , in a new transthyretin variant that may probably #lose a sph i cleavage site within exon 3 (migone et al . , 1995; yu et al . , 1995) .
to this end , we made a new transthyretin variant , which have the ability to #lose all a sph i cleavage site within exon 3 postnatally , and +/+ control mice .
to this end , we made a new transthyretin variant , which may probably #lose all a sph i cleavage site within exon 3 postnatally , and +/+ control mice .
a new transthyretin variant which #lost a sph i cleavage site within exon 3 has been characterized .
all a sph i cleavage site within exon 3 could be postnatally #lost by a new transthyretin variant .
all il-2 dependency were postnatally #lost by acute t-cell leukemia cells .
all il-2 dependency might be postnatally #lost by acute t-cell leukemia cells .
these interactions will be #lost with a separation of dna-binding sites of }3 bp , as can occur for natural sre sequences , while a smaller spacing inhibited the simultaneous binding of both proteins .
il-2 dependency will be #lost in acute t-cell leukemia cells that has been characterized .
these interactions can probably be #lost with a separation of dna-binding sites of }3 bp , as can occur for natural sre sequences , while a smaller spacing inhibited the simultaneous binding of both proteins .
to this end , we made a new transthyretin variant , which have a high probability of #losing all a sph i cleavage site within exon 3 postnatally , and +/+ control mice .
these interactions may be #lost with a separation of dna-binding sites of }3 bp , as can occur for natural sre sequences , while a smaller spacing inhibited the simultaneous binding of both proteins .
a sph i cleavage site within exon 3 can be #lost in a new transthyretin variant that has been characterized .
to this end , we made acute t-cell leukemia cells , which have the ability to #lose all il-2 dependency postnatally , and +/+ control mice .
a sph i cleavage site within exon 3 is able to be #lost in a new transthyretin variant that has been characterized .
stat3 is activated in v-src or v-abl-transformed cells and , along other stats , in a new transthyretin variant that have #lost a sph i cleavage site within exon 3 (migone et al . , 1995; yu et al . , 1995) .
il-2 dependency may be #lost in acute t-cell leukemia cells that has been characterized .
these interactions could probably be #lost with a separation of dna-binding sites of }3 bp , as can occur for natural sre sequences , while a smaller spacing inhibited the simultaneous binding of both proteins .
to this end , we made a new transthyretin variant , which are able to #lose all a sph i cleavage site within exon 3 postnatally , and +/+ control mice .
a new transthyretin variant which may #lose a sph i cleavage site within exon 3 has been characterized .
stat3 is activated in v-src or v-abl-transformed cells and , along other stats , in acute t-cell leukemia cells that will probably #lose il-2 dependency (migone et al . , 1995; yu et al . , 1995) .
to this end , we made a new transthyretin variant #losing all a sph i cleavage site within exon 3 postnatally , and +/+ control mice .
all a sph i cleavage site within exon 3 may be postnatally #lost by a new transthyretin variant .
a new transthyretin variant which #loses a sph i cleavage site within exon 3 has been characterized .
it was reported that gpi anchoring ability was #lost when the microsomal membranes of trypanosoma brucei were washed at high ph (sharma et al . , 2000) , whereas similar treatment of the mammalian microsomal membranes had no effect (vidugiriene and menon , 1995)
a new transthyretin variant may completely #lose a sph i cleavage site within exon 3 , but all show considerablegenome reduction and dependency on the nucleus to fulfill plastid functions (martin and hrrmann , 1998) .
a sph i cleavage site within exon 3 may be #lost in a new transthyretin variant that has been characterized .
stat3 is activated in v-src or v-abl-transformed cells and , along other stats , in a new transthyretin variant that #lost a sph i cleavage site within exon 3 (migone et al . , 1995; yu et al . , 1995) .
all a sph i cleavage site within exon 3 can probably be postnatally #lost by a new transthyretin variant .
gpi anchoring ability #lost when the microsomal membranes of trypanosoma brucei were washed at high ph has been reported(sharma et al . , 2000) , whereas similar treatment of the mammalian microsomal membranes have no effect (vidugiriene and menon , 1995)
all il-2 dependency can probably be postnatally #lost by acute t-cell leukemia cells .
stat3 is activated in v-src or v-abl-transformed cells and , along other stats , in a new transthyretin variant that may probably #lose a sph i cleavage site within exon 3 (migone et al . , 1995; yu et al . , 1995) .
stat3 is activated in v-src or v-abl-transformed cells and , along other stats , in a new transthyretin variant that are observed to #lose a sph i cleavage site within exon 3 (migone et al . , 1995; yu et al . , 1995) .
it was reported that gpi anchoring ability has been #lost when the microsomal membranes of trypanosoma brucei were washed at high ph (sharma et al . , 2000) , whereas similar treatment of the mammalian microsomal membranes had no effect (vidugiriene and menon , 1995)
all il-2 dependency could probably be postnatally #lost by acute t-cell leukemia cells .
stat3 is activated in v-src or v-abl-transformed cells and , along other stats , in a new transthyretin variant that will probably #lose a sph i cleavage site within exon 3 (migone et al . , 1995; yu et al . , 1995) .
stat3 is activated in v-src or v-abl-transformed cells and , along other stats , in a new transthyretin variant that have a high probability of #losing a sph i cleavage site within exon 3 (migone et al . , 1995; yu et al . , 1995) .
these interactions are #lost with a separation of dna-binding sites of }3 bp , as can occur for natural sre sequences , while a smaller spacing inhibits the simultaneous binding of both proteins .
the mice will not #lose weight during the treatment .
the ability to interact with the x protein and to bring it into the initiation complex may be #lost in the c-terminal-deletion mutant of hnrnp a1 that has been characterized .
the c-terminal-deletion mutant of hnrnp a1 can #lose the ability to interact with the x protein and to bring it into the initiation complex , resulting in an inhibition of mhv rna transcription and replication .
the c-terminal-deletion mutant of hnrnp a1 has the ability to completely #lose the ability to interact with the x protein and to bring it into the initiation complex , but all show considerablegenome reduction and dependency on the nucleus to fulfill plastid functions (martin and hrrmann , 1998) .
previous studies have emphasized the high sensitivity of the n-terminal region to proteolytic cleavage , leading to truncated species that are observed to #lose the first 20 70 residues but that retain enzymatic activity and dimeric structure .
stat3 is activated in v-src or v-abl-transformed cells and , along other stats , in the c-terminal-deletion mutant of hnrnp a1 that #lost the ability to interact with the x protein and to bring it into the initiation complex (migone et al . , 1995; yu et al . , 1995) .
stat3 is activated in v-src or v-abl-transformed cells and , along other stats , in they #losing modest amounts of weight (migone et al . , 1995; yu et al . , 1995) .
to this end , we made truncated species , which could probably #lose all the first 20 70 residues postnatally , and +/+ control mice .
stat3 is activated in v-src or v-abl-transformed cells and , along other stats , in the c-terminal-deletion mutant of hnrnp a1 that are observed to #lose the ability to interact with the x protein and to bring it into the initiation complex (migone et al . , 1995; yu et al . , 1995) .
all the first 20 70 residues will probably be postnatally #lost by truncated species .
the mice do not #lose weight during the treatment .
stat3 is activated in v-src or v-abl-transformed cells and , along other stats , in the c-terminal-deletion mutant of hnrnp a1 that are able to #lose the ability to interact with the x protein and to bring it into the initiation complex (migone et al . , 1995; yu et al . , 1995) .
to this end , we made they , which can probably #lose all modest amounts of weight postnatally , and +/+ control mice .
all the ability to interact with the x protein and to bring it into the initiation complex are postnatally #lost by the c-terminal-deletion mutant of hnrnp a1 .
they which has #lost modest amounts of weight has been characterized .
to this end , we made the c-terminal-deletion mutant of hnrnp a1 , which have a high probability of #losing all the ability to interact with the x protein and to bring it into the initiation complex postnatally , and +/+ control mice .
they completely #lost modest amounts of weight , but all show considerablegenome reduction and dependency on the nucleus to fulfill plastid functions (martin and hrrmann , 1998) .
the c-terminal-deletion mutant of hnrnp a1 which can #lose the ability to interact with the x protein and to bring it into the initiation complex has been characterized .
stat3 is activated in v-src or v-abl-transformed cells and , along other stats , in truncated species that #lost the first 20 70 residues (migone et al . , 1995; yu et al . , 1995) .
the c-terminal-deletion mutant of hnrnp a1 may have #lost the ability to interact with the x protein and to bring it into the initiation complex , resulting in an inhibition of mhv rna transcription and replication .
they which #lost modest amounts of weight has been characterized .
all modest amounts of weight could be postnatally #lost by they .
they being able to #lose modest amounts of weight has been characterized .
this study investigated whether informing obese individuals that they may probably #lose only modest amounts of weight would lead them to adopt more realistic weight loss expectations .
to this end , we made they , which will #lose all modest amounts of weight postnatally , and +/+ control mice .
to this end , we made truncated species , which would probably #lose all the first 20 70 residues postnatally , and +/+ control mice .
to this end , we made the c-terminal-deletion mutant of hnrnp a1 , which #lose all the ability to interact with the x protein and to bring it into the initiation complex postnatally , and +/+ control mice .
to this end , we made the c-terminal-deletion mutant of hnrnp a1 , which has #lost all the ability to interact with the x protein and to bring it into the initiation complex postnatally , and +/+ control mice .
the mice have not #lost weight during the treatment .
they observed to #lose modest amounts of weight has been characterized .
truncated species completely #loses the first 20 70 residues , but all show considerablegenome reduction and dependency on the nucleus to fulfill plastid functions (martin and hrrmann , 1998) .
the mice did not #lose weight during the treatment .
truncated species will completely #lose the first 20 70 residues , but all show considerablegenome reduction and dependency on the nucleus to fulfill plastid functions (martin and hrrmann , 1998) .
the first 20 70 residues has been #lost in truncated species that has been characterized .
to this end , we made truncated species , which has #lost all the first 20 70 residues postnatally , and +/+ control mice .
to this end , we made truncated species , which may #lose all the first 20 70 residues postnatally , and +/+ control mice .
the ability to interact with the x protein and to bring it into the initiation complex has been #lost in the c-terminal-deletion mutant of hnrnp a1 that has been characterized .
all the ability to interact with the x protein and to bring it into the initiation complex might be postnatally #lost by the c-terminal-deletion mutant of hnrnp a1 .
to this end , we made they , which have a high probability of #losing all modest amounts of weight postnatally , and +/+ control mice .
previous studies have emphasized the high sensitivity of the n-terminal region to proteolytic cleavage , leading to truncated species that are able to #lose the first 20 70 residues but that retain enzymatic activity and dimeric structure .
all the ability to interact with the x protein and to bring it into the initiation complex will probably be postnatally #lost by the c-terminal-deletion mutant of hnrnp a1 .
to this end , we made truncated species , which could #lose all the first 20 70 residues postnatally , and +/+ control mice .
this study investigated whether informing obese individuals that they can probably #lose only modest amounts of weight would lead them to adopt more realistic weight loss expectations .
all the first 20 70 residues might be postnatally #lost by truncated species .
previous studies have emphasized the high sensitivity of the n-terminal region to proteolytic cleavage , leading to truncated species that can probably #lose the first 20 70 residues but that retain enzymatic activity and dimeric structure .
all modest amounts of weight will probably be postnatally #lost by they .
all the first 20 70 residues might probably be postnatally #lost by truncated species .
stat3 is activated in v-src or v-abl-transformed cells and , along other stats , in they that will probably #lose modest amounts of weight (migone et al . , 1995; yu et al . , 1995) .
to this end , we made truncated species #losing all the first 20 70 residues postnatally , and +/+ control mice .
to this end , we made truncated species , which would #lose all the first 20 70 residues postnatally , and +/+ control mice .
to this end , we made they , which might probably #lose all modest amounts of weight postnatally , and +/+ control mice .
all modest amounts of weight can be postnatally #lost by they .
stat3 is activated in v-src or v-abl-transformed cells and , along other stats , in they that can probably #lose modest amounts of weight (migone et al . , 1995; yu et al . , 1995) .
the ability to interact with the x protein and to bring it into the initiation complex will be #lost in the c-terminal-deletion mutant of hnrnp a1 that has been characterized .
the c-terminal-deletion mutant of hnrnp a1 completely #loses the ability to interact with the x protein and to bring it into the initiation complex , but all show considerablegenome reduction and dependency on the nucleus to fulfill plastid functions (martin and hrrmann , 1998) .
all the first 20 70 residues may probably be postnatally #lost by truncated species .
all modest amounts of weight might probably be postnatally #lost by they .
the mice may not have #lost weight during the treatment .
to this end , we made they , which have the ability to #lose all modest amounts of weight postnatally , and +/+ control mice .
all the ability to interact with the x protein and to bring it into the initiation complex might probably be postnatally #lost by the c-terminal-deletion mutant of hnrnp a1 .
this study investigated whether informing obese individuals that they #lost only modest amounts of weight would lead them to adopt more realistic weight loss expectations .
all the ability to interact with the x protein and to bring it into the initiation complex could be postnatally #lost by the c-terminal-deletion mutant of hnrnp a1 .
the c-terminal-deletion mutant of hnrnp a1 has the capability to #lose the ability to interact with the x protein and to bring it into the initiation complex , resulting in an inhibition of mhv rna transcription and replication .
they will completely #lose modest amounts of weight , but all show considerablegenome reduction and dependency on the nucleus to fulfill plastid functions (martin and hrrmann , 1998) .
the mice may not #lose weight during the treatment .
the ability to interact with the x protein and to bring it into the initiation complex was #lost in the c-terminal-deletion mutant of hnrnp a1 that has been characterized .
stat3 is activated in v-src or v-abl-transformed cells and , along other stats , in the c-terminal-deletion mutant of hnrnp a1 that have the ability to #lose the ability to interact with the x protein and to bring it into the initiation complex (migone et al . , 1995; yu et al . , 1995) .
all modest amounts of weight will be postnatally #lost by they .
the ability to interact with the x protein and to bring it into the initiation complex can be #lost in the c-terminal-deletion mutant of hnrnp a1 that has been characterized .
modest amounts of weight is able to be #lost in they that has been characterized .
all the ability to interact with the x protein and to bring it into the initiation complex may probably be postnatally #lost by the c-terminal-deletion mutant of hnrnp a1 .
truncated species has completely #lost the first 20 70 residues , but all show considerablegenome reduction and dependency on the nucleus to fulfill plastid functions (martin and hrrmann , 1998) .
the c-terminal-deletion mutant of hnrnp a1 will have completely #lost the ability to interact with the x protein and to bring it into the initiation complex , but all show considerablegenome reduction and dependency on the nucleus to fulfill plastid functions (martin and hrrmann , 1998) .
the c-terminal-deletion mutant of hnrnp a1 being able to #lose the ability to interact with the x protein and to bring it into the initiation complex results in and inhibition of mhv rna transcription and replication .
this study investigated whether informing obese individuals that they have #lost only modest amounts of weight would lead them to adopt more realistic weight loss expectations .
truncated species which has #lost the first 20 70 residues has been characterized .
all the first 20 70 residues are able to be postnatally #lost by truncated species .
stat3 is activated in v-src or v-abl-transformed cells and , along other stats , in the c-terminal-deletion mutant of hnrnp a1 that will #lose the ability to interact with the x protein and to bring it into the initiation complex (migone et al . , 1995; yu et al . , 1995) .
the c-terminal-deletion mutant of hnrnp a1 which #loses the ability to interact with the x protein and to bring it into the initiation complex has been characterized .
stat3 is activated in v-src or v-abl-transformed cells and , along other stats , in they that may probably #lose modest amounts of weight (migone et al . , 1995; yu et al . , 1995) .
stat3 is activated in v-src or v-abl-transformed cells and , along other stats , in the c-terminal-deletion mutant of hnrnp a1 that may #lose the ability to interact with the x protein and to bring it into the initiation complex (migone et al . , 1995; yu et al . , 1995) .
the ability to interact with the x protein and to bring it into the initiation complex is able to be #lost in the c-terminal-deletion mutant of hnrnp a1 that has been characterized .
to this end , we made the c-terminal-deletion mutant of hnrnp a1 , which can #lose all the ability to interact with the x protein and to bring it into the initiation complex postnatally , and +/+ control mice .
to this end , we made the c-terminal-deletion mutant of hnrnp a1 , which could #lose all the ability to interact with the x protein and to bring it into the initiation complex postnatally , and +/+ control mice .
all modest amounts of weight are postnatally #lost by they .
stat3 is activated in v-src or v-abl-transformed cells and , along other stats , in they that #lost modest amounts of weight (migone et al . , 1995; yu et al . , 1995) .
the first 20 70 residues is #lost in truncated species that has been characterized .
the c-terminal-deletion mutant of hnrnp a1 which #lost the ability to interact with the x protein and to bring it into the initiation complex has been characterized .
they is completely #losing modest amounts of weight , but all show considerablegenome reduction and dependency on the nucleus to fulfill plastid functions (martin and hrrmann , 1998) .
this study investigated whether informing obese individuals that they are observed to #lose only modest amounts of weight would lead them to adopt more realistic weight loss expectations .
stat3 is activated in v-src or v-abl-transformed cells and , along other stats , in truncated species that may probably #lose the first 20 70 residues (migone et al . , 1995; yu et al . , 1995) .
previous studies have emphasized the high sensitivity of the n-terminal region to proteolytic cleavage , leading to truncated species that will probably #lose the first 20 70 residues but that retain enzymatic activity and dimeric structure .
to this end , we made truncated species , which #lost all the first 20 70 residues postnatally , and +/+ control mice .
truncated species observed to #lose the first 20 70 residues has been characterized .
they may completely #lose modest amounts of weight , but all show considerablegenome reduction and dependency on the nucleus to fulfill plastid functions (martin and hrrmann , 1998) .
truncated species having the ability to #lose the first 20 70 residues has been characterized .
stat3 is activated in v-src or v-abl-transformed cells and , along other stats , in the c-terminal-deletion mutant of hnrnp a1 that #lose the ability to interact with the x protein and to bring it into the initiation complex (migone et al . , 1995; yu et al . , 1995) .
stat3 is activated in v-src or v-abl-transformed cells and , along other stats , in the c-terminal-deletion mutant of hnrnp a1 #losing the ability to interact with the x protein and to bring it into the initiation complex (migone et al . , 1995; yu et al . , 1995) .
all the ability to interact with the x protein and to bring it into the initiation complex can probably be postnatally #lost by the c-terminal-deletion mutant of hnrnp a1 .
to this end , we made they , which will probably #lose all modest amounts of weight postnatally , and +/+ control mice .
the c-terminal-deletion mutant of hnrnp a1 is observed to #lose the ability to interact with the x protein and to bring it into the initiation complex , resulting in an inhibition of mhv rna transcription and replication .
to this end , we made they , which would #lose all modest amounts of weight postnatally , and +/+ control mice .
all the ability to interact with the x protein and to bring it into the initiation complex have a high probability of being postnatally #lost by the c-terminal-deletion mutant of hnrnp a1 .
the c-terminal-deletion mutant of hnrnp a1 is able to #lose the ability to interact with the x protein and to bring it into the initiation complex , resulting in an inhibition of mhv rna transcription and replication .
the c-terminal-deletion mutant of hnrnp a1 which may #lose the ability to interact with the x protein and to bring it into the initiation complex has been characterized .
the c-terminal-deletion mutant of hnrnp a1 which #lost the ability to interact with the x protein and to bring it into the initiation complex results in and inhibition of mhv rna transcription and replication .
to this end , we made the c-terminal-deletion mutant of hnrnp a1 , which will probably #lose all the ability to interact with the x protein and to bring it into the initiation complex postnatally , and +/+ control mice .
to this end , we made the c-terminal-deletion mutant of hnrnp a1 , which may probably #lose all the ability to interact with the x protein and to bring it into the initiation complex postnatally , and +/+ control mice .
the c-terminal-deletion mutant of hnrnp a1 having the ability to #lose the ability to interact with the x protein and to bring it into the initiation complex has been characterized .
the c-terminal-deletion mutant of hnrnp a1 may #lose the ability to interact with the x protein and to bring it into the initiation complex , resulting in an inhibition of mhv rna transcription and replication .
truncated species which #lost the first 20 70 residues has been characterized .
stat3 is activated in v-src or v-abl-transformed cells and , along other stats , in they that may #lose modest amounts of weight (migone et al . , 1995; yu et al . , 1995) .
the c-terminal-deletion mutant of hnrnp a1 will #lose the ability to interact with the x protein and to bring it into the initiation complex , resulting in an inhibition of mhv rna transcription and replication .
to this end , we made truncated species , which might probably #lose all the first 20 70 residues postnatally , and +/+ control mice .
modest amounts of weight can be #lost in they that has been characterized .
previous studies have emphasized the high sensitivity of the n-terminal region to proteolytic cleavage , leading to truncated species that have the ability to #lose the first 20 70 residues but that retain enzymatic activity and dimeric structure .
this study investigated whether informing obese individuals that they might #lose only modest amounts of weight would lead them to adopt more realistic weight loss expectations .
stat3 is activated in v-src or v-abl-transformed cells and , along other stats , in truncated species that may #lose the first 20 70 residues (migone et al . , 1995; yu et al . , 1995) .
all the ability to interact with the x protein and to bring it into the initiation complex are observed to be postnatally #lost by the c-terminal-deletion mutant of hnrnp a1 .
to this end , we made they , which may #lose all modest amounts of weight postnatally , and +/+ control mice .
stat3 is activated in v-src or v-abl-transformed cells and , along other stats , in truncated species that will probably #lose the first 20 70 residues (migone et al . , 1995; yu et al . , 1995) .
all the first 20 70 residues are observed to be postnatally #lost by truncated species .
the mice do not have a high probability of #losing weight during the treatment .
all the ability to interact with the x protein and to bring it into the initiation complex are able to be postnatally #lost by the c-terminal-deletion mutant of hnrnp a1 .
stat3 is activated in v-src or v-abl-transformed cells and , along other stats , in the c-terminal-deletion mutant of hnrnp a1 that have #lost the ability to interact with the x protein and to bring it into the initiation complex (migone et al . , 1995; yu et al . , 1995) .
to this end , we made they , which would probably #lose all modest amounts of weight postnatally , and +/+ control mice .
they has completely #lost modest amounts of weight , but all show considerablegenome reduction and dependency on the nucleus to fulfill plastid functions (martin and hrrmann , 1998) .
all modest amounts of weight were postnatally #lost by they .
this study investigated whether informing obese individuals that they may #lose only modest amounts of weight would lead them to adopt more realistic weight loss expectations .
to this end , we made truncated species , which will probably #lose all the first 20 70 residues postnatally , and +/+ control mice .
all modest amounts of weight have a high probability of being postnatally #lost by they .
truncated species being able to #lose the first 20 70 residues has been characterized .
all the ability to interact with the x protein and to bring it into the initiation complex were postnatally #lost by the c-terminal-deletion mutant of hnrnp a1 .
they having the ability to #lose modest amounts of weight has been characterized .
the c-terminal-deletion mutant of hnrnp a1 may probably #lose the ability to interact with the x protein and to bring it into the initiation complex , resulting in an inhibition of mhv rna transcription and replication .
modest amounts of weight has been #lost in they that has been characterized .
previous studies have emphasized the high sensitivity of the n-terminal region to proteolytic cleavage , leading to truncated species #losing the first 20 70 residues but that retain enzymatic activity and dimeric structure .
all the ability to interact with the x protein and to bring it into the initiation complex would probably be postnatally #lost by the c-terminal-deletion mutant of hnrnp a1 .
previous studies have emphasized the high sensitivity of the n-terminal region to proteolytic cleavage , leading to truncated species that #lose the first 20 70 residues but that retain enzymatic activity and dimeric structure .
the first 20 70 residues was #lost in truncated species that has been characterized .
stat3 is activated in v-src or v-abl-transformed cells and , along other stats , in the c-terminal-deletion mutant of hnrnp a1 that may probably #lose the ability to interact with the x protein and to bring it into the initiation complex (migone et al . , 1995; yu et al . , 1995) .
stat3 is activated in v-src or v-abl-transformed cells and , along other stats , in truncated species that are able to #lose the first 20 70 residues (migone et al . , 1995; yu et al . , 1995) .
all modest amounts of weight are able to be postnatally #lost by they .
stat3 is activated in v-src or v-abl-transformed cells and , along other stats , in truncated species that have a high probability of #losing the first 20 70 residues (migone et al . , 1995; yu et al . , 1995) .
truncated species is completely #losing the first 20 70 residues , but all show considerablegenome reduction and dependency on the nucleus to fulfill plastid functions (martin and hrrmann , 1998) .
this study investigated whether informing obese individuals that they #lose only modest amounts of weight would lead them to adopt more realistic weight loss expectations .
stat3 is activated in v-src or v-abl-transformed cells and , along other stats , in truncated species that are observed to #lose the first 20 70 residues (migone et al . , 1995; yu et al . , 1995) .
to this end , we made they #losing all modest amounts of weight postnatally , and +/+ control mice .
the c-terminal-deletion mutant of hnrnp a1 that has #lost the ability to interact with the x protein and to bring it into the initiation complex results in and inhibition of mhv rna transcription and replication .
this study investigated whether informing obese individuals that they would probably #lose only modest amounts of weight would lead them to adopt more realistic weight loss expectations .
truncated species which can #lose the first 20 70 residues has been characterized .
the c-terminal-deletion mutant of hnrnp a1 is completely #losing the ability to interact with the x protein and to bring it into the initiation complex , but all show considerablegenome reduction and dependency on the nucleus to fulfill plastid functions (martin and hrrmann , 1998) .
to this end , we made truncated species , which #lose all the first 20 70 residues postnatally , and +/+ control mice .
