pet28a-5 , for expression of the recombinant protein , is able to be probably #transformed into escherichia coli strain bl21(de3) .
expression of recombinat proteins full-lenght and c-terminal sbp2 constructs in pask-ib7 , however , have the ability to be #transformed into escherichia coli bl21 (promega) and selected for by growth on plates lacking leucine and tryptophan (left panel) .
this construct , as our study suggested , is able to be probably #transformed into the yeast strain hf7c (clontech) .
pet28a-5 , for expression of the recombinant protein , has been shown to be probably #transformed into escherichia coli strain bl21(de3) .
expression of recombinat proteins full-lenght and c-terminal sbp2 constructs in pask-ib7 are specifically #transformed into escherichia coli bl21 (promega)
expression of recombinat proteins full-lenght and c-terminal sbp2 constructs in pask-ib7 , however , will be efficiently #transformed into escherichia coli bl21 (promega) and selected for by growth on plates lacking leucine and tryptophan (left panel) .
pet28a-5 is able to be #transformed into escherichia coli strain bl21(de3) .
expression of recombinat proteins full-lenght and c-terminal sbp2 constructs in pask-ib7 will be specifically #transformed into escherichia coli bl21 (promega)
this construct is likely to be dramatically #transformed into the yeast strain hf7c (clontech) .
expression of recombinat proteins full-lenght and c-terminal sbp2 constructs in pask-ib7 , as our study suggested , may have been specifically #transformed into escherichia coli bl21 (promega)
pet28a-5 , for expression of the recombinant protein , is likely to be probably #transformed into escherichia coli strain bl21(de3) .
pet28a-5 can be #transformed into escherichia coli strain bl21(de3) .
expression of recombinat proteins full-lenght and c-terminal sbp2 constructs in pask-ib7 , as we mentioned earlier , may be used to completely #transform escherichia coli bl21 (promega) .
pet28a-5 , for expression of the recombinant protein , may have been probably #transformed into escherichia coli strain bl21(de3) .
pet28a-5 , for expression of the recombinant protein , may be probably #transformed into escherichia coli strain bl21(de3) .
expression of recombinat proteins full-lenght and c-terminal sbp2 constructs in pask-ib7 have been shown to be efficiently #transformed into escherichia coli bl21 (promega) and selected for by growth on plates lacking leucine and tryptophan (left panel) .
for expression of the recombinant protein , pet28a-5 , for expression of the recombinant protein , may be efficiently #transformed into escherichia coli strain bl21(de3) .
expression of recombinat proteins full-lenght and c-terminal sbp2 constructs in pask-ib7 are #transformed into escherichia coli bl21 (promega)
pet28a-5 , for expression of the recombinant protein , has been probably #transformed into escherichia coli strain bl21(de3) .
pet28a-5 is #transformed into escherichia coli strain bl21(de3) .
pet28a-5 , for expression of the recombinant protein , will be dramatically #transformed into escherichia coli strain bl21(de3) .
expression of recombinat proteins full-lenght and c-terminal sbp2 constructs in pask-ib7 (bvs) has been used to completely #transform escherichia coli bl21 (promega) .
expression of recombinat proteins full-lenght and c-terminal sbp2 constructs in pask-ib7 was #transformed into escherichia coli bl21 (promega) .
for expression of the recombinant protein , this construct is able to be #transformed into the yeast strain hf7c (clontech) .
this construct , as our study suggested , will be dramatically #transformed into the yeast strain hf7c (clontech) .
for expression of the recombinant protein , this construct , as our study suggested , has been #transformed into the yeast strain hf7c (clontech) .
expression of recombinat proteins full-lenght and c-terminal sbp2 constructs in pask-ib7 may be specifically #transformed into escherichia coli bl21 (promega)
this construct is efficiently #transformed into the yeast strain hf7c (clontech) .
expression of recombinat proteins full-lenght and c-terminal sbp2 constructs in pask-ib7 are efficiently #transformed into escherichia coli bl21 (promega) and selected for by growth on plates lacking leucine and tryptophan (left panel) .
for expression of the recombinant protein , pet28a-5 has been #transformed into escherichia coli strain bl21(de3) .
expression of recombinat proteins full-lenght and c-terminal sbp2 constructs in pask-ib7 have been efficiently #transformed into escherichia coli bl21 (promega) and selected for by growth on plates lacking leucine and tryptophan (left panel) .
this construct , as our study suggested , is #transformed into the yeast strain hf7c (clontech) .
this construct , as our study suggested , has been #transformed into the yeast strain hf7c (clontech) .
this construct may be dramatically #transformed into the yeast strain hf7c (clontech) .
this construct , as our study suggested , is observed to be dramatically #transformed into the yeast strain hf7c (clontech) .
pet28a-5 , for expression of the recombinant protein , may be #transformed into escherichia coli strain bl21(de3) .
expression of recombinat proteins full-lenght and c-terminal sbp2 constructs in pask-ib7 , as we mentioned earlier , has been used to #transform escherichia coli bl21 (promega) .
expression of recombinat proteins full-lenght and c-terminal sbp2 constructs in pask-ib7 , as our study suggested , are able to be specifically #transformed into escherichia coli bl21 (promega)
pet28a-5 has been dramatically #transformed into escherichia coli strain bl21(de3) .
pet28a-5 , for expression of the recombinant protein , has the ability to be efficiently #transformed into escherichia coli strain bl21(de3) .
this construct , as our study suggested , has been shown to be #transformed into the yeast strain hf7c (clontech) .
this construct , as our study suggested , is observed to be probably #transformed into the yeast strain hf7c (clontech) .
for expression of the recombinant protein , this construct has the ability to be #transformed into the yeast strain hf7c (clontech) .
expression of recombinat proteins full-lenght and c-terminal sbp2 constructs in pask-ib7 , however , are #transformed into escherichia coli bl21 (promega) and selected for by growth on plates lacking leucine and tryptophan (left panel) .
expression of recombinat proteins full-lenght and c-terminal sbp2 constructs in pask-ib7 , as we mentioned earlier , will be used to #transform escherichia coli bl21 (promega) .
for expression of the recombinant protein , pet28a-5 , for expression of the recombinant protein , can be efficiently #transformed into escherichia coli strain bl21(de3) .
expression of recombinat proteins full-lenght and c-terminal sbp2 constructs in pask-ib7 are observed to be #transformed into escherichia coli bl21 (promega) and selected for by growth on plates lacking leucine and tryptophan (left panel) .
pet28a-5 may be probably #transformed into escherichia coli strain bl21(de3) .
expression of recombinat proteins full-lenght and c-terminal sbp2 constructs in pask-ib7 , however , have been #transformed into escherichia coli bl21 (promega) and selected for by growth on plates lacking leucine and tryptophan (left panel) .
this construct is likely to be probably #transformed into the yeast strain hf7c (clontech) .
expression of recombinat proteins full-lenght and c-terminal sbp2 constructs in pask-ib7 are likely to be efficiently #transformed into escherichia coli bl21 (promega) and selected for by growth on plates lacking leucine and tryptophan (left panel) .
this construct is able to be #transformed into the yeast strain hf7c (clontech) .
expression of recombinat proteins full-lenght and c-terminal sbp2 constructs in pask-ib7 , as our study suggested , have been shown to be #transformed into escherichia coli bl21 (promega)
for expression of the recombinant protein , pet28a-5 , for expression of the recombinant protein , has the ability to be efficiently #transformed into escherichia coli strain bl21(de3) .
pet28a-5 , for expression of the recombinant protein , may be dramatically #transformed into escherichia coli strain bl21(de3) .
for expression of the recombinant protein , pet28a-5 is able to be efficiently #transformed into escherichia coli strain bl21(de3) .
for expression of the recombinant protein , pet28a-5 , for expression of the recombinant protein , is able to be efficiently #transformed into escherichia coli strain bl21(de3) .
for expression of the recombinant protein , this construct , as our study suggested , is observed to be #transformed into the yeast strain hf7c (clontech) .
this construct , as our study suggested , can be #transformed into the yeast strain hf7c (clontech) .
this construct , as our study suggested , has been efficiently #transformed into the yeast strain hf7c (clontech) .
pet28a-5 is efficiently #transformed into escherichia coli strain bl21(de3) .
for expression of the recombinant protein , this construct , as our study suggested , will be #transformed into the yeast strain hf7c (clontech) .
expression of recombinat proteins full-lenght and c-terminal sbp2 constructs in pask-ib7 can be #transformed into escherichia coli bl21 (promega) and selected for by growth on plates lacking leucine and tryptophan (left panel) .
expression of recombinat proteins full-lenght and c-terminal sbp2 constructs in pask-ib7 , as we mentioned earlier , may have been used to completely #transform escherichia coli bl21 (promega) .
expression of recombinat proteins full-lenght and c-terminal sbp2 constructs in pask-ib7 , however , may have been #transformed into escherichia coli bl21 (promega) and selected for by growth on plates lacking leucine and tryptophan (left panel) .
this construct has been probably #transformed into the yeast strain hf7c (clontech) .
for expression of the recombinant protein , this construct has the ability to be efficiently #transformed into the yeast strain hf7c (clontech) .
for expression of the recombinant protein , pet28a-5 may have been efficiently #transformed into escherichia coli strain bl21(de3) .
pet28a-5 , for expression of the recombinant protein , is likely to be efficiently #transformed into escherichia coli strain bl21(de3) .
this construct has been dramatically #transformed into the yeast strain hf7c (clontech) .
pet28a-5 is able to be efficiently #transformed into escherichia coli strain bl21(de3) .
expression of recombinat proteins full-lenght and c-terminal sbp2 constructs in pask-ib7 , as we mentioned earlier , is used to completely #transform escherichia coli bl21 (promega) .
this construct , as our study suggested , is probably #transformed into the yeast strain hf7c (clontech) .
pet28a-5 , for expression of the recombinant protein , may have been dramatically #transformed into escherichia coli strain bl21(de3) .
expression of recombinat proteins full-lenght and c-terminal sbp2 constructs in pask-ib7 , as we mentioned earlier , will be used to completely #transform escherichia coli bl21 (promega) .
this construct , as our study suggested , may be dramatically #transformed into the yeast strain hf7c (clontech) .
expression of recombinat proteins full-lenght and c-terminal sbp2 constructs in pask-ib7 (bvs) is used to #transform escherichia coli bl21 (promega) .
for expression of the recombinant protein , this construct is #transformed into the yeast strain hf7c (clontech) .
pet28a-5 has the ability to be efficiently #transformed into escherichia coli strain bl21(de3) .
expression of recombinat proteins full-lenght and c-terminal sbp2 constructs in pask-ib7 , as we mentioned earlier , is used to #transform escherichia coli bl21 (promega) .
for expression of the recombinant protein , pet28a-5 is observed to be efficiently #transformed into escherichia coli strain bl21(de3) .
this construct , as our study suggested , may be probably #transformed into the yeast strain hf7c (clontech) .
expression of recombinat proteins full-lenght and c-terminal sbp2 constructs in pask-ib7 , as our study suggested , are #transformed into escherichia coli bl21 (promega)
this construct is able to be probably #transformed into the yeast strain hf7c (clontech) .
pet28a-5 , for expression of the recombinant protein , has been proven to be dramatically #transformed into escherichia coli strain bl21(de3) .
pet28a-5 may be efficiently #transformed into escherichia coli strain bl21(de3) .
for expression of the recombinant protein , this construct is efficiently #transformed into the yeast strain hf7c (clontech) .
for expression of the recombinant protein , this construct , as our study suggested , can be #transformed into the yeast strain hf7c (clontech) .
pet28a-5 , for expression of the recombinant protein , can be probably #transformed into escherichia coli strain bl21(de3) .
for expression of the recombinant protein , this construct , as our study suggested , will be efficiently #transformed into the yeast strain hf7c (clontech) .
for expression of the recombinant protein , this construct , as our study suggested , has the ability to be efficiently #transformed into the yeast strain hf7c (clontech) .
pet28a-5 , for expression of the recombinant protein , is observed to be #transformed into escherichia coli strain bl21(de3) .
expression of recombinat proteins full-lenght and c-terminal sbp2 constructs in pask-ib7 (bvs) can be used to #transform escherichia coli bl21 (promega) .
for expression of the recombinant protein , this construct , as our study suggested , was #transformed into the yeast strain hf7c (clontech) .
expression of recombinat proteins full-lenght and c-terminal sbp2 constructs in pask-ib7 (bvs) may have been used to #transform escherichia coli bl21 (promega) .
pet28a-5 has been shown to be dramatically #transformed into escherichia coli strain bl21(de3) .
expression of recombinat proteins full-lenght and c-terminal sbp2 constructs in pask-ib7 , however , may have been efficiently #transformed into escherichia coli bl21 (promega) and selected for by growth on plates lacking leucine and tryptophan (left panel) .
expression of recombinat proteins full-lenght and c-terminal sbp2 constructs in pask-ib7 , as our study suggested , may be #transformed into escherichia coli bl21 (promega)
expression of recombinat proteins full-lenght and c-terminal sbp2 constructs in pask-ib7 have the ability to be #transformed into escherichia coli bl21 (promega) and selected for by growth on plates lacking leucine and tryptophan (left panel) .
pet28a-5 , for expression of the recombinant protein , is observed to be dramatically #transformed into escherichia coli strain bl21(de3) .
this construct may have been #transformed into the yeast strain hf7c (clontech) .
expression of recombinat proteins full-lenght and c-terminal sbp2 constructs in pask-ib7 , however , are observed to be efficiently #transformed into escherichia coli bl21 (promega) and selected for by growth on plates lacking leucine and tryptophan (left panel) .
this construct has the ability to be dramatically #transformed into the yeast strain hf7c (clontech) .
for expression of the recombinant protein , pet28a-5 can be #transformed into escherichia coli strain bl21(de3) .
pet28a-5 , for expression of the recombinant protein , has the ability to be probably #transformed into escherichia coli strain bl21(de3) .
expression of recombinat proteins full-lenght and c-terminal sbp2 constructs in pask-ib7 , as we mentioned earlier , is likely to be used to #transform escherichia coli bl21 (promega) .
for expression of the recombinant protein , this construct may be #transformed into the yeast strain hf7c (clontech) .
pet28a-5 is likely to be #transformed into escherichia coli strain bl21(de3) .
expression of recombinat proteins full-lenght and c-terminal sbp2 constructs in pask-ib7 , however , are efficiently #transformed into escherichia coli bl21 (promega) and selected for by growth on plates lacking leucine and tryptophan (left panel) .
for expression of the recombinant protein , this construct , as our study suggested , may be efficiently #transformed into the yeast strain hf7c (clontech) .
pet28a-5 , for expression of the recombinant protein , may be efficiently #transformed into escherichia coli strain bl21(de3) .
expression of recombinat proteins full-lenght and c-terminal sbp2 constructs in pask-ib7 , as our study suggested , are able to be #transformed into escherichia coli bl21 (promega)
pet28a-5 has been #transformed into escherichia coli strain bl21(de3) .
this construct is observed to be #transformed into the yeast strain hf7c (clontech) .
for expression of the recombinant protein , pet28a-5 will be efficiently #transformed into escherichia coli strain bl21(de3) .
expression of recombinat proteins full-lenght and c-terminal sbp2 constructs in pask-ib7 , as our study suggested , may have been #transformed into escherichia coli bl21 (promega)
this construct has the ability to be efficiently #transformed into the yeast strain hf7c (clontech) .
pet28a-5 may be dramatically #transformed into escherichia coli strain bl21(de3) .
pet28a-5 will be efficiently #transformed into escherichia coli strain bl21(de3) .
for expression of the recombinant protein , this construct is likely to be efficiently #transformed into the yeast strain hf7c (clontech) .
expression of recombinat proteins full-lenght and c-terminal sbp2 constructs in pask-ib7 (bvs) will be used to completely #transform escherichia coli bl21 (promega) .
expression of recombinat proteins full-lenght and c-terminal sbp2 constructs in pask-ib7 can be efficiently #transformed into escherichia coli bl21 (promega) and selected for by growth on plates lacking leucine and tryptophan (left panel) .
for expression of the recombinant protein , pet28a-5 has been shown to be #transformed into escherichia coli strain bl21(de3) .
this construct , as our study suggested , is able to be #transformed into the yeast strain hf7c (clontech) .
expression of recombinat proteins full-lenght and c-terminal sbp2 constructs in pask-ib7 , as our study suggested , are observed to be #transformed into escherichia coli bl21 (promega)
for expression of the recombinant protein , pet28a-5 , for expression of the recombinant protein , can be #transformed into escherichia coli strain bl21(de3) .
this construct is dramatically #transformed into the yeast strain hf7c (clontech) .
expression of recombinat proteins full-lenght and c-terminal sbp2 constructs in pask-ib7 may have been efficiently #transformed into escherichia coli bl21 (promega) and selected for by growth on plates lacking leucine and tryptophan (left panel) .
expression of recombinat proteins full-lenght and c-terminal sbp2 constructs in pask-ib7 , however , can be #transformed into escherichia coli bl21 (promega) and selected for by growth on plates lacking leucine and tryptophan (left panel) .
pet28a-5 has been proven to be efficiently #transformed into escherichia coli strain bl21(de3) .
this construct , as our study suggested , is likely to be probably #transformed into the yeast strain hf7c (clontech) .
for expression of the recombinant protein , pet28a-5 is able to be #transformed into escherichia coli strain bl21(de3) .
pet28a-5 has been shown to be efficiently #transformed into escherichia coli strain bl21(de3) .
pet28a-5 , for expression of the recombinant protein , is likely to be dramatically #transformed into escherichia coli strain bl21(de3) .
expression of recombinat proteins full-lenght and c-terminal sbp2 constructs in pask-ib7 , as we mentioned earlier , can be used to completely #transform escherichia coli bl21 (promega) .
expression of recombinat proteins full-lenght and c-terminal sbp2 constructs in pask-ib7 , however , are likely to be #transformed into escherichia coli bl21 (promega) and selected for by growth on plates lacking leucine and tryptophan (left panel) .
this construct has been shown to be probably #transformed into the yeast strain hf7c (clontech) .
for expression of the recombinant protein , this construct , as our study suggested , is likely to be efficiently #transformed into the yeast strain hf7c (clontech) .
this construct , as our study suggested , may be efficiently #transformed into the yeast strain hf7c (clontech) .
this construct is #transformed into the yeast strain hf7c (clontech) .
this construct has been #transformed into the yeast strain hf7c (clontech) .
expression of recombinat proteins full-lenght and c-terminal sbp2 constructs in pask-ib7 , as our study suggested , are likely to be #transformed into escherichia coli bl21 (promega)
pet28a-5 may be #transformed into escherichia coli strain bl21(de3) .
pet28a-5 , for expression of the recombinant protein , is dramatically #transformed into escherichia coli strain bl21(de3) .
pet28a-5 may have been efficiently #transformed into escherichia coli strain bl21(de3) .
this construct is observed to be efficiently #transformed into the yeast strain hf7c (clontech) .
for expression of the recombinant protein , pet28a-5 , for expression of the recombinant protein , is #transformed into escherichia coli strain bl21(de3) .
expression of recombinat proteins full-lenght and c-terminal sbp2 constructs in pask-ib7 were #transformed into escherichia coli bl21 (promega)
for expression of the recombinant protein , pet28a-5 , for expression of the recombinant protein , is likely to be #transformed into escherichia coli strain bl21(de3) .
for expression of the recombinant protein , this construct , as our study suggested , is efficiently #transformed into the yeast strain hf7c (clontech) .
pet28a-5 can be efficiently #transformed into escherichia coli strain bl21(de3) .
expression of recombinat proteins full-lenght and c-terminal sbp2 constructs in pask-ib7 may have been #transformed into escherichia coli bl21 (promega)
for expression of the recombinant protein , this construct has been #transformed into the yeast strain hf7c (clontech) .
this construct , as our study suggested , is able to be efficiently #transformed into the yeast strain hf7c (clontech) .
for expression of the recombinant protein , pet28a-5 , for expression of the recombinant protein , has been efficiently #transformed into escherichia coli strain bl21(de3) .
this construct , as our study suggested , has been dramatically #transformed into the yeast strain hf7c (clontech) .
pet28a-5 has been proven to be dramatically #transformed into escherichia coli strain bl21(de3) .
expression of recombinat proteins full-lenght and c-terminal sbp2 constructs in pask-ib7 , as we mentioned earlier , is able to be used to #transform escherichia coli bl21 (promega) .
this construct is observed to be probably #transformed into the yeast strain hf7c (clontech) .
for expression of the recombinant protein , pet28a-5 may be #transformed into escherichia coli strain bl21(de3) .
this construct , as our study suggested , has been proven to be efficiently #transformed into the yeast strain hf7c (clontech) .
expression of recombinat proteins full-lenght and c-terminal sbp2 constructs in pask-ib7 , however , are able to be efficiently #transformed into escherichia coli bl21 (promega) and selected for by growth on plates lacking leucine and tryptophan (left panel) .
for expression of the recombinant protein , pet28a-5 will be #transformed into escherichia coli strain bl21(de3) .
pet28a-5 will be #transformed into escherichia coli strain bl21(de3) .
expression of recombinat proteins full-lenght and c-terminal sbp2 constructs in pask-ib7 , as we mentioned earlier , is observed to be used to completely #transform escherichia coli bl21 (promega) .
this construct will be #transformed into the yeast strain hf7c (clontech) .
for expression of the recombinant protein , pet28a-5 , for expression of the recombinant protein , will be #transformed into escherichia coli strain bl21(de3) .
for expression of the recombinant protein , pet28a-5 , for expression of the recombinant protein , has been shown to be efficiently #transformed into escherichia coli strain bl21(de3) .
pet28a-5 , for expression of the recombinant protein , is observed to be probably #transformed into escherichia coli strain bl21(de3) .
pet28a-5 , for expression of the recombinant protein , is able to be efficiently #transformed into escherichia coli strain bl21(de3) .
expression of recombinat proteins full-lenght and c-terminal sbp2 constructs in pask-ib7 are able to be specifically #transformed into escherichia coli bl21 (promega)
this construct , as our study suggested , can be probably #transformed into the yeast strain hf7c (clontech) .
pet28a-5 has been efficiently #transformed into escherichia coli strain bl21(de3) .
pet28a-5 , for expression of the recombinant protein , has been #transformed into escherichia coli strain bl21(de3) .
this construct , as our study suggested , may be #transformed into the yeast strain hf7c (clontech) .
pet28a-5 , for expression of the recombinant protein , has the ability to be dramatically #transformed into escherichia coli strain bl21(de3) .
for expression of the recombinant protein , this construct will be efficiently #transformed into the yeast strain hf7c (clontech) .
expression of recombinat proteins full-lenght and c-terminal sbp2 constructs in pask-ib7 have been specifically #transformed into escherichia coli bl21 (promega)
this construct , as our study suggested , is likely to be dramatically #transformed into the yeast strain hf7c (clontech) .
this construct can be efficiently #transformed into the yeast strain hf7c (clontech) .
for expression of the recombinant protein , this construct , as our study suggested , has been shown to be #transformed into the yeast strain hf7c (clontech) .
expression of recombinat proteins full-lenght and c-terminal sbp2 constructs in pask-ib7 are observed to be efficiently #transformed into escherichia coli bl21 (promega) and selected for by growth on plates lacking leucine and tryptophan (left panel) .
this construct has the ability to be probably #transformed into the yeast strain hf7c (clontech) .
pet28a-5 is able to be dramatically #transformed into escherichia coli strain bl21(de3) .
this construct will be dramatically #transformed into the yeast strain hf7c (clontech) .
expression of recombinat proteins full-lenght and c-terminal sbp2 constructs in pask-ib7 , as our study suggested , may be specifically #transformed into escherichia coli bl21 (promega)
pet28a-5 , for expression of the recombinant protein , has been shown to be dramatically #transformed into escherichia coli strain bl21(de3) .
pet28a-5 has been shown to be probably #transformed into escherichia coli strain bl21(de3) .
expression of recombinat proteins full-lenght and c-terminal sbp2 constructs in pask-ib7 , as our study suggested , have been specifically #transformed into escherichia coli bl21 (promega)
pet28a-5 , for expression of the recombinant protein , has been proven to be efficiently #transformed into escherichia coli strain bl21(de3) .
expression of recombinat proteins full-lenght and c-terminal sbp2 constructs in pask-ib7 (bvs) is able to be used to #transform escherichia coli bl21 (promega) .
expression of recombinat proteins full-lenght and c-terminal sbp2 constructs in pask-ib7 , however , are likely to be efficiently #transformed into escherichia coli bl21 (promega) and selected for by growth on plates lacking leucine and tryptophan (left panel) .
for expression of the recombinant protein , pet28a-5 , for expression of the recombinant protein , has the ability to be #transformed into escherichia coli strain bl21(de3) .
for expression of the recombinant protein , pet28a-5 , for expression of the recombinant protein , may be #transformed into escherichia coli strain bl21(de3) .
expression of recombinat proteins full-lenght and c-terminal sbp2 constructs in pask-ib7 , however , are observed to be #transformed into escherichia coli bl21 (promega) and selected for by growth on plates lacking leucine and tryptophan (left panel) .
this construct , as our study suggested , can be efficiently #transformed into the yeast strain hf7c (clontech) .
expression of recombinat proteins full-lenght and c-terminal sbp2 constructs in pask-ib7 (bvs) is able to be used to completely #transform escherichia coli bl21 (promega) .
this construct , as our study suggested , has the ability to be efficiently #transformed into the yeast strain hf7c (clontech) .
expression of recombinat proteins full-lenght and c-terminal sbp2 constructs in pask-ib7 have been #transformed into escherichia coli bl21 (promega) and selected for by growth on plates lacking leucine and tryptophan (left panel) .
for expression of the recombinant protein , pet28a-5 , for expression of the recombinant protein , is likely to be efficiently #transformed into escherichia coli strain bl21(de3) .
expression of recombinat proteins full-lenght and c-terminal sbp2 constructs in pask-ib7 have the ability to be efficiently #transformed into escherichia coli bl21 (promega) and selected for by growth on plates lacking leucine and tryptophan (left panel) .
for expression of the recombinant protein , pet28a-5 , for expression of the recombinant protein , is observed to be efficiently #transformed into escherichia coli strain bl21(de3) .
this construct , as our study suggested , will be efficiently #transformed into the yeast strain hf7c (clontech) .
pet28a-5 is likely to be dramatically #transformed into escherichia coli strain bl21(de3) .
expression of recombinat proteins full-lenght and c-terminal sbp2 constructs in pask-ib7 (bvs) has the ability to be used to #transform escherichia coli bl21 (promega) .
expression of recombinat proteins full-lenght and c-terminal sbp2 constructs in pask-ib7 , as our study suggested , have the ability to be specifically #transformed into escherichia coli bl21 (promega)
pet28a-5 is dramatically #transformed into escherichia coli strain bl21(de3) .
this construct may be specifically #transformed into the yeast strain hf7c (clontech)
this construct , as our study suggested , have been #transformed into the yeast strain hf7c (clontech)
to generate gst fusion proteins , the relevant dna fragments are able to be cloned into pgex2t(pharmacia) and completely #transformed into the bacterial strains bl21 or topp (stratagene) .
this construct , however , are able to be efficiently #transformed into the yeast strain hf7c (clontech) and selected for by growth on plates lacking leucine and tryptophan (left panel) .
this construct , as we mentioned earlier , will be used to #transform the yeast strain hf7c (clontech) .
the relevant dna fragments (bvs) may be used to #transform the bacterial strains bl21 or topp (stratagene) .
this construct will be #transformed into the yeast strain hf7c (clontech) and selected for by growth on plates lacking leucine and tryptophan (left panel) .
the relevant dna fragments may have been specifically #transformed into the bacterial strains bl21 or topp (stratagene)
the relevant dna fragments have been shown to be #transformed into the bacterial strains bl21 or topp (stratagene)
the relevant dna fragments have the ability to be specifically #transformed into the bacterial strains bl21 or topp (stratagene)
the relevant dna fragments , however , are likely to be #transformed into the bacterial strains bl21 or topp (stratagene) and selected for by growth on plates lacking leucine and tryptophan (left panel) .
this construct , as our study suggested , may be specifically #transformed into the yeast strain hf7c (clontech)
the relevant dna fragments , in order to generate gst fusion proteins , are observed to be completely #transformed into the bacterial strains bl21 or topp (stratagene) .
the relevant dna fragments (bvs) is used to completely #transform the bacterial strains bl21 or topp (stratagene) .
this construct are specifically #transformed into the yeast strain hf7c (clontech)
to generate gst fusion proteins , the relevant dna fragments may have been #transformed into the bacterial strains bl21 or topp (stratagene) .
this construct have been efficiently #transformed into the yeast strain hf7c (clontech) and selected for by growth on plates lacking leucine and tryptophan (left panel) .
the relevant dna fragments will be #transformed into the bacterial strains bl21 or topp (stratagene) and selected for by growth on plates lacking leucine and tryptophan (left panel) .
this construct , as our study suggested , are #transformed into the yeast strain hf7c (clontech)
the relevant dna fragments have been shown to be #transformed into the bacterial strains bl21 or topp (stratagene) and selected for by growth on plates lacking leucine and tryptophan (left panel) .
the relevant dna fragments , in order to generate gst fusion proteins , are likely to be cloned into pgex2t(pharmacia) and #transformed into the bacterial strains bl21 or topp (stratagene) .
the relevant dna fragments , in order to generate gst fusion proteins , may have been cloned into pgex2t(pharmacia) and completely #transformed into the bacterial strains bl21 or topp (stratagene) .
to generate gst fusion proteins , the relevant dna fragments are completely #transformed into the bacterial strains bl21 or topp (stratagene) .
to generate gst fusion proteins , the relevant dna fragments are observed to be cloned into pgex2t(pharmacia) and #transformed into the bacterial strains bl21 or topp (stratagene) .
this construct , however , have been efficiently #transformed into the yeast strain hf7c (clontech) and selected for by growth on plates lacking leucine and tryptophan (left panel) .
the relevant dna fragments are likely to be #transformed into the bacterial strains bl21 or topp (stratagene)
this construct are able to be #transformed into the yeast strain hf7c (clontech)
this construct may have been #transformed into the yeast strain hf7c (clontech) and selected for by growth on plates lacking leucine and tryptophan (left panel) .
the relevant dna fragments (bvs) will be used to #transform the bacterial strains bl21 or topp (stratagene) .
this construct , however , may have been #transformed into the yeast strain hf7c (clontech) and selected for by growth on plates lacking leucine and tryptophan (left panel) .
the relevant dna fragments , in order to generate gst fusion proteins , will be #transformed into the bacterial strains bl21 or topp (stratagene) .
the relevant dna fragments , as we mentioned earlier , is able to be used to #transform the bacterial strains bl21 or topp (stratagene) .
the relevant dna fragments , as we mentioned earlier , is used to completely #transform the bacterial strains bl21 or topp (stratagene) .
to generate gst fusion proteins , the relevant dna fragments may have been cloned into pgex2t(pharmacia) and #transformed into the bacterial strains bl21 or topp (stratagene) .
this construct , however , have been shown to be #transformed into the yeast strain hf7c (clontech) and selected for by growth on plates lacking leucine and tryptophan (left panel) .
the relevant dna fragments , as we mentioned earlier , has the ability to be used to #transform the bacterial strains bl21 or topp (stratagene) .
the relevant dna fragments (bvs) was used to #transform the bacterial strains bl21 or topp (stratagene) .
this construct , as we mentioned earlier , can be used to completely #transform the yeast strain hf7c (clontech) .
the relevant dna fragments , however , will be efficiently #transformed into the bacterial strains bl21 or topp (stratagene) and selected for by growth on plates lacking leucine and tryptophan (left panel) .
this construct (bvs) is observed to be used to completely #transform the yeast strain hf7c (clontech) .
the relevant dna fragments , as our study suggested , are observed to be #transformed into the bacterial strains bl21 or topp (stratagene)
this construct , however , may have been efficiently #transformed into the yeast strain hf7c (clontech) and selected for by growth on plates lacking leucine and tryptophan (left panel) .
this construct were #transformed into the yeast strain hf7c (clontech) and selected for by growth on plates lacking leucine and tryptophan (left panel) .
to generate gst fusion proteins , the relevant dna fragments have been #transformed into the bacterial strains bl21 or topp (stratagene) .
this construct , however , have been #transformed into the yeast strain hf7c (clontech) and selected for by growth on plates lacking leucine and tryptophan (left panel) .
the relevant dna fragments may have been #transformed into the bacterial strains bl21 or topp (stratagene) and selected for by growth on plates lacking leucine and tryptophan (left panel) .
this construct , however , will be #transformed into the yeast strain hf7c (clontech) and selected for by growth on plates lacking leucine and tryptophan (left panel) .
the relevant dna fragments can be efficiently #transformed into the bacterial strains bl21 or topp (stratagene) and selected for by growth on plates lacking leucine and tryptophan (left panel) .
this construct , as we mentioned earlier , has been shown to be used to completely #transform the yeast strain hf7c (clontech) .
the relevant dna fragments may have been #transformed into the bacterial strains bl21 or topp (stratagene)
to generate gst fusion proteins , the relevant dna fragments may be cloned into pgex2t(pharmacia) and #transformed into the bacterial strains bl21 or topp (stratagene) .
the relevant dna fragments will be #transformed into the bacterial strains bl21 or topp (stratagene)
this construct , as we mentioned earlier , is used to completely #transform the yeast strain hf7c (clontech) .
this construct , as our study suggested , will be specifically #transformed into the yeast strain hf7c (clontech)
to generate gst fusion proteins , the relevant dna fragments will be cloned into pgex2t(pharmacia) and #transformed into the bacterial strains bl21 or topp (stratagene) .
this construct will be #transformed into the yeast strain hf7c (clontech)
the relevant dna fragments , in order to generate gst fusion proteins , have been cloned into pgex2t(pharmacia) and completely #transformed into the bacterial strains bl21 or topp (stratagene) .
the relevant dna fragments , however , have the ability to be #transformed into the bacterial strains bl21 or topp (stratagene) and selected for by growth on plates lacking leucine and tryptophan (left panel) .
to generate gst fusion proteins , the relevant dna fragments will be #transformed into the bacterial strains bl21 or topp (stratagene) .
this construct , as we mentioned earlier , is able to be used to #transform the yeast strain hf7c (clontech) .
this construct (bvs) has been used to completely #transform the yeast strain hf7c (clontech) .
this construct , as we mentioned earlier , can be used to #transform the yeast strain hf7c (clontech) .
the relevant dna fragments , in order to generate gst fusion proteins , are #transformed into the bacterial strains bl21 or topp (stratagene) .
this construct (bvs) may be used to #transform the yeast strain hf7c (clontech) .
this construct , however , are able to be #transformed into the yeast strain hf7c (clontech) and selected for by growth on plates lacking leucine and tryptophan (left panel) .
this construct have been shown to be #transformed into the yeast strain hf7c (clontech) and selected for by growth on plates lacking leucine and tryptophan (left panel) .
the relevant dna fragments , in order to generate gst fusion proteins , can be completely #transformed into the bacterial strains bl21 or topp (stratagene) .
the relevant dna fragments (bvs) may have been used to #transform the bacterial strains bl21 or topp (stratagene) .
the relevant dna fragments , as our study suggested , may have been #transformed into the bacterial strains bl21 or topp (stratagene)
to generate gst fusion proteins , the relevant dna fragments may be completely #transformed into the bacterial strains bl21 or topp (stratagene) .
the relevant dna fragments (bvs) can be used to #transform the bacterial strains bl21 or topp (stratagene) .
this construct (bvs) may have been used to completely #transform the yeast strain hf7c (clontech) .
to generate gst fusion proteins , the relevant dna fragments may have been cloned into pgex2t(pharmacia) and completely #transformed into the bacterial strains bl21 or topp (stratagene) .
this construct , as our study suggested , are observed to be specifically #transformed into the yeast strain hf7c (clontech)
the relevant dna fragments , in order to generate gst fusion proteins , will be cloned into pgex2t(pharmacia) and completely #transformed into the bacterial strains bl21 or topp (stratagene) .
this construct , however , will be efficiently #transformed into the yeast strain hf7c (clontech) and selected for by growth on plates lacking leucine and tryptophan (left panel) .
the relevant dna fragments , in order to generate gst fusion proteins , are observed to be cloned into pgex2t(pharmacia) and completely #transformed into the bacterial strains bl21 or topp (stratagene) .
the relevant dna fragments , however , are able to be #transformed into the bacterial strains bl21 or topp (stratagene) and selected for by growth on plates lacking leucine and tryptophan (left panel) .
for expression of the recombinant protein , this construct was #transformed into the yeast strain hf7c (clontech) .
the relevant dna fragments are able to be specifically #transformed into the bacterial strains bl21 or topp (stratagene)
the relevant dna fragments , as our study suggested , have been specifically #transformed into the bacterial strains bl21 or topp (stratagene)
the relevant dna fragments are likely to be #transformed into the bacterial strains bl21 or topp (stratagene) and selected for by growth on plates lacking leucine and tryptophan (left panel) .
this construct may have been efficiently #transformed into the yeast strain hf7c (clontech) and selected for by growth on plates lacking leucine and tryptophan (left panel) .
the relevant dna fragments (bvs) can be used to completely #transform the bacterial strains bl21 or topp (stratagene) .
this construct , however , are likely to be #transformed into the yeast strain hf7c (clontech) and selected for by growth on plates lacking leucine and tryptophan (left panel) .
the relevant dna fragments , in order to generate gst fusion proteins , are likely to be completely #transformed into the bacterial strains bl21 or topp (stratagene) .
this construct , as our study suggested , have the ability to be #transformed into the yeast strain hf7c (clontech)
the relevant dna fragments , as we mentioned earlier , has the ability to be used to completely #transform the bacterial strains bl21 or topp (stratagene) .
this construct are likely to be #transformed into the yeast strain hf7c (clontech)
to generate gst fusion proteins , the relevant dna fragments are cloned into pgex2t(pharmacia) and #transformed into the bacterial strains bl21 or topp (stratagene) .
the relevant dna fragments , as our study suggested , have the ability to be #transformed into the bacterial strains bl21 or topp (stratagene)
the relevant dna fragments , in order to generate gst fusion proteins , will be cloned into pgex2t(pharmacia) and #transformed into the bacterial strains bl21 or topp (stratagene) .
this construct (bvs) has the ability to be used to completely #transform the yeast strain hf7c (clontech) .
this construct (bvs) was used to #transform the yeast strain hf7c (clontech) .
this construct are #transformed into the yeast strain hf7c (clontech)
this construct will be efficiently #transformed into the yeast strain hf7c (clontech) and selected for by growth on plates lacking leucine and tryptophan (left panel) .
this construct , as our study suggested , may be #transformed into the yeast strain hf7c (clontech)
to generate gst fusion proteins , the relevant dna fragments are able to be cloned into pgex2t(pharmacia) and #transformed into the bacterial strains bl21 or topp (stratagene) .
to generate gst fusion proteins , the relevant dna fragments are likely to be cloned into pgex2t(pharmacia) and completely #transformed into the bacterial strains bl21 or topp (stratagene) .
to generate gst fusion proteins , the relevant dna fragments are #transformed into the bacterial strains bl21 or topp (stratagene) .
to generate gst fusion proteins , the relevant dna fragments have been cloned into pgex2t(pharmacia) and completely #transformed into the bacterial strains bl21 or topp (stratagene) .
this construct (bvs) is able to be used to #transform the yeast strain hf7c (clontech) .
the relevant dna fragments are observed to be #transformed into the bacterial strains bl21 or topp (stratagene)
the relevant dna fragments are observed to be #transformed into the bacterial strains bl21 or topp (stratagene) and selected for by growth on plates lacking leucine and tryptophan (left panel) .
this construct (bvs) is likely to be used to #transform the yeast strain hf7c (clontech) .
the relevant dna fragments , as our study suggested , are likely to be #transformed into the bacterial strains bl21 or topp (stratagene)
this construct have the ability to be #transformed into the yeast strain hf7c (clontech)
the relevant dna fragments , as we mentioned earlier , may have been used to completely #transform the bacterial strains bl21 or topp (stratagene) .
the relevant dna fragments , in order to generate gst fusion proteins , have been shown to be completely #transformed into the bacterial strains bl21 or topp (stratagene) .
the relevant dna fragments , in order to generate gst fusion proteins , may have been cloned into pgex2t(pharmacia) and #transformed into the bacterial strains bl21 or topp (stratagene) .
this construct can be efficiently #transformed into the yeast strain hf7c (clontech) and selected for by growth on plates lacking leucine and tryptophan (left panel) .
the relevant dna fragments , however , are efficiently #transformed into the bacterial strains bl21 or topp (stratagene) and selected for by growth on plates lacking leucine and tryptophan (left panel) .
the relevant dna fragments will be specifically #transformed into the bacterial strains bl21 or topp (stratagene)
this construct (bvs) is used to completely #transform the yeast strain hf7c (clontech) .
the relevant dna fragments , in order to generate gst fusion proteins , are completely #transformed into the bacterial strains bl21 or topp (stratagene) .
this construct , as we mentioned earlier , may be used to completely #transform the yeast strain hf7c (clontech) .
this construct , however , are efficiently #transformed into the yeast strain hf7c (clontech) and selected for by growth on plates lacking leucine and tryptophan (left panel) .
this construct , however , are likely to be efficiently #transformed into the yeast strain hf7c (clontech) and selected for by growth on plates lacking leucine and tryptophan (left panel) .
to generate gst fusion proteins , the relevant dna fragments can be cloned into pgex2t(pharmacia) and completely #transformed into the bacterial strains bl21 or topp (stratagene) .
to generate gst fusion proteins , the relevant dna fragments can be #transformed into the bacterial strains bl21 or topp (stratagene) .
this construct (bvs) has the ability to be used to #transform the yeast strain hf7c (clontech) .
this construct (bvs) may have been used to #transform the yeast strain hf7c (clontech) .
this construct (bvs) has been shown to be used to #transform the yeast strain hf7c (clontech) .
the relevant dna fragments , as we mentioned earlier , may be used to completely #transform the bacterial strains bl21 or topp (stratagene) .
to generate gst fusion proteins , the relevant dna fragments will be cloned into pgex2t(pharmacia) and completely #transformed into the bacterial strains bl21 or topp (stratagene) .
this construct (bvs) has been shown to be used to completely #transform the yeast strain hf7c (clontech) .
this construct , as our study suggested , may have been specifically #transformed into the yeast strain hf7c (clontech)
the relevant dna fragments have been #transformed into the bacterial strains bl21 or topp (stratagene)
this construct have the ability to be specifically #transformed into the yeast strain hf7c (clontech)
this construct (bvs) is observed to be used to #transform the yeast strain hf7c (clontech) .
the relevant dna fragments , as we mentioned earlier , may be used to #transform the bacterial strains bl21 or topp (stratagene) .
the relevant dna fragments are specifically #transformed into the bacterial strains bl21 or topp (stratagene)
this construct , as we mentioned earlier , has the ability to be used to #transform the yeast strain hf7c (clontech) .
this construct have been specifically #transformed into the yeast strain hf7c (clontech)
the relevant dna fragments , as our study suggested , are able to be #transformed into the bacterial strains bl21 or topp (stratagene)
this construct may have been #transformed into the yeast strain hf7c (clontech)
this construct have been shown to be efficiently #transformed into the yeast strain hf7c (clontech) and selected for by growth on plates lacking leucine and tryptophan (left panel) .
the relevant dna fragments (bvs) has the ability to be used to completely #transform the bacterial strains bl21 or topp (stratagene) .
this construct , however , can be #transformed into the yeast strain hf7c (clontech) and selected for by growth on plates lacking leucine and tryptophan (left panel) .
this construct , as we mentioned earlier , is observed to be used to #transform the yeast strain hf7c (clontech) .
the relevant dna fragments (bvs) has been shown to be used to completely #transform the bacterial strains bl21 or topp (stratagene) .
the relevant dna fragments , as we mentioned earlier , is used to #transform the bacterial strains bl21 or topp (stratagene) .
this construct , as our study suggested , are able to be specifically #transformed into the yeast strain hf7c (clontech)
this construct (bvs) is likely to be used to completely #transform the yeast strain hf7c (clontech) .
the relevant dna fragments have the ability to be #transformed into the bacterial strains bl21 or topp (stratagene) and selected for by growth on plates lacking leucine and tryptophan (left panel) .
the relevant dna fragments , however , have the ability to be efficiently #transformed into the bacterial strains bl21 or topp (stratagene) and selected for by growth on plates lacking leucine and tryptophan (left panel) .
this construct are likely to be efficiently #transformed into the yeast strain hf7c (clontech) and selected for by growth on plates lacking leucine and tryptophan (left panel) .
the relevant dna fragments , however , are #transformed into the bacterial strains bl21 or topp (stratagene) and selected for by growth on plates lacking leucine and tryptophan (left panel) .
this construct have been shown to be #transformed into the yeast strain hf7c (clontech)
the relevant dna fragments (bvs) is observed to be used to completely #transform the bacterial strains bl21 or topp (stratagene) .
the relevant dna fragments , as our study suggested , will be #transformed into the bacterial strains bl21 or topp (stratagene)
this construct , as our study suggested , are observed to be #transformed into the yeast strain hf7c (clontech)
to generate gst fusion proteins , the relevant dna fragments were cloned into pgex2t(pharmacia) and #transformed into the bacterial strains bl21 or topp (stratagene) .
the relevant dna fragments (bvs) is likely to be used to completely #transform the bacterial strains bl21 or topp (stratagene) .
the relevant dna fragments , as we mentioned earlier , has been used to #transform the bacterial strains bl21 or topp (stratagene) .
this construct (bvs) has been used to #transform the yeast strain hf7c (clontech) .
the relevant dna fragments , as we mentioned earlier , is likely to be used to completely #transform the bacterial strains bl21 or topp (stratagene) .
the relevant dna fragments , in order to generate gst fusion proteins , are cloned into pgex2t(pharmacia) and completely #transformed into the bacterial strains bl21 or topp (stratagene) .
to generate gst fusion proteins , the relevant dna fragments are cloned into pgex2t(pharmacia) and completely #transformed into the bacterial strains bl21 or topp (stratagene) .
the relevant dna fragments , in order to generate gst fusion proteins , have been shown to be cloned into pgex2t(pharmacia) and #transformed into the bacterial strains bl21 or topp (stratagene) .
this construct , however , have the ability to be efficiently #transformed into the yeast strain hf7c (clontech) and selected for by growth on plates lacking leucine and tryptophan (left panel) .
this construct may have been specifically #transformed into the yeast strain hf7c (clontech)
the relevant dna fragments , in order to generate gst fusion proteins , are likely to be #transformed into the bacterial strains bl21 or topp (stratagene) .
the relevant dna fragments (bvs) will be used to completely #transform the bacterial strains bl21 or topp (stratagene) .
to generate gst fusion proteins , the relevant dna fragments are likely to be completely #transformed into the bacterial strains bl21 or topp (stratagene) .
the relevant dna fragments , in order to generate gst fusion proteins , have been #transformed into the bacterial strains bl21 or topp (stratagene) .
to generate gst fusion proteins , the relevant dna fragments will be completely #transformed into the bacterial strains bl21 or topp (stratagene) .
this construct , as our study suggested , have been shown to be specifically #transformed into the yeast strain hf7c (clontech)
this construct may be #transformed into the yeast strain hf7c (clontech)
to generate gst fusion proteins , the relevant dna fragments are able to be #transformed into the bacterial strains bl21 or topp (stratagene) .
