to determine how activators interact with the complex and to examine the importance of these interactions , relative to other potential targeting mechanisms , for swi/snf function , we have identified and #mutated dam target sequences .
this epitope , which is hla-a2 restricted , includes two amino acids that are observed to commonly #mutate (v82a and i84v) in the face of protease inhibitor therapy .
to determine how activators interact with the complex and to examine the importance of these interactions , relative to other potential targeting mechanisms , for swi/snf function , we have identified and #mutated amino acids ee(437 and 438) .
analyses of transcription in vivo of agn-lacz with gene that are able to be #mutated support this conclusion .
the dna-binding mutant(stat5aee-aa) of stat5a is observed to be generated by #mutating amino acids ee(437 and 438) to aa .
this epitope , which is hla-a2 restricted , includes two amino acids that are able to #mutate (v82a and i84v) in the face of protease inhibitor therapy .
analyses of transcription in vivo of agn-lacz with gene which have been #mutated support this conclusion .
to determine how activators interact with the complex and to examine the importance of these interactions , relative to other potential targeting mechanisms , for swi/snf function , we identified and #mutated amino acids ee(437 and 438) .
to determine how activators interact with the complex and to examine the importance of these interactions , relative to other potential targeting mechanisms , for swi/snf function , dam target sequences were identified and #mutated .
the gene that is observed to be #mutated in variant late-infantile neuronal ceroid lipofuscinosis (cln6) and in nclf mutant mice has encoded a novel predicted transmembrane protein .
to determine how activators interact with the complex and to examine the importance of these interactions , relative to other potential targeting mechanisms , for swi/snf function , we identify and #mutate the activator-interaction domains in the complex .
this epitope , which is hla-a2 restricted , includes two amino acids which are observed to commonly #mutate (v82a and i84v) in the face of protease inhibitor therapy .
analyses of transcription in vivo of agn-lacz with pairs of residue positions being #mutated support this conclusion .
analyses of transcription in vivo of agn-lacz with dam target sequences which are #mutated support this conclusion .
rca is comprised of two major steps: (i) identifying pairs of residue positions that could have #mutated in a coordinated manner , and (ii) using these results to identify protein regions that interact with an uncommonly high number of other residues .
rca is comprised of two major steps: (i) identifying pairs of residue positions that could #mutate in a coordinated manner , and (ii) using these results to identify protein regions that interact with an uncommonly high number of other residues .
this epitope , which is hla-a2 restricted , includes two amino acids which could have #mutated (v82a and i84v) in the face of protease inhibitor therapy .
this epitope , which is hla-a2 restricted , includes two amino acids observed to commonly #mutate (v82a and i84v) in the face of protease inhibitor therapy .
this epitope , which is hla-a2 restricted , includes two amino acids which could have commonly #mutated (v82a and i84v) in the face of protease inhibitor therapy .
analyses of transcription in vivo of agn-lacz with gene that have been #mutated support this conclusion .
to #mutate amino acids ee(437 and 438) to aa might generate the dna-binding mutant(stat5aee-aa) of stat5a .
rca is comprised of two major steps: (i) identifying pairs of residue positions that may #mutate in a coordinated manner , and (ii) using these results to identify protein regions that interact with an uncommonly high number of other residues .
rca is comprised of two major steps: (i) identifying pairs of residue positions being able to #mutate in a coordinated manner , and (ii) using these results to identify protein regions that interact with an uncommonly high number of other residues .
this epitope , which is hla-a2 restricted , includes two amino acids which will commonly #mutate (v82a and i84v) in the face of protease inhibitor therapy .
to #mutate amino acids ee(437 and 438) to aa could have generated the dna-binding mutant(stat5aee-aa) of stat5a .
analyses of transcription in vivo of agn-lacz with amino acids ee(437 and 438) which have been #mutated support this conclusion .
#mutating amino acids ee(437 and 438) to aa may generate the dna-binding mutant(stat5aee-aa) of stat5a .
to #mutate amino acids ee(437 and 438) to aa has generated the dna-binding mutant(stat5aee-aa) of stat5a .
analyses of transcription in vivo of agn-lacz with dam target sequences that are #mutated support this conclusion .
the dna-binding mutant(stat5aee-aa) of stat5a is generated by #mutating amino acids ee(437 and 438) to aa .
rca is comprised of two major steps: (i) identifying pairs of residue positions that have the ability to #mutate in a coordinated manner , and (ii) using these results to identify protein regions that interact with an uncommonly high number of other residues .
to determine how activators interact with the complex and to examine the importance of these interactions , relative to other potential targeting mechanisms , for swi/snf function , the activator-interaction domains in the complex will be identified and #mutated .
analyses of transcription in vivo of agn-lacz with gene that may have been #mutated support this conclusion .
the dna-binding mutant(stat5aee-aa) of stat5a can be generated by #mutating amino acids ee(437 and 438) to aa .
the gene that is observed to be #mutated in variant late-infantile neuronal ceroid lipofuscinosis (cln6) and in nclf mutant mice encodes a novel predicted transmembrane protein .
the gene that was #mutated in variant late-infantile neuronal ceroid lipofuscinosis (cln6) and in nclf mutant mice encodes a novel predicted transmembrane protein .
to determine how activators interact with the complex and to examine the importance of these interactions , relative to other potential targeting mechanisms , for swi/snf function , we sought to identify and #mutate dam target sequences .
to determine how activators interact with the complex and to examine the importance of these interactions , relative to other potential targeting mechanisms , for swi/snf function , we will identify and #mutate pairs of residue positions .
the dna-binding mutant(stat5aee-aa) of stat5a could have been generated by #mutating amino acids ee(437 and 438) to aa .
this epitope , which is hla-a2 restricted , includes two amino acids that are commonly #mutating (v82a and i84v) in the face of protease inhibitor therapy .
analyses of transcription in vivo of agn-lacz with pairs of residue positions which have been #mutated support this conclusion .
this epitope , which is hla-a2 restricted , includes two amino acids that could have commonly #mutated (v82a and i84v) in the face of protease inhibitor therapy .
analyses of transcription in vivo of agn-lacz with dam target sequences which are able to be #mutated support this conclusion .
this epitope , which is hla-a2 restricted , includes two amino acids which may #mutate (v82a and i84v) in the face of protease inhibitor therapy .
to #mutate amino acids ee(437 and 438) to aa is observed to generate the dna-binding mutant(stat5aee-aa) of stat5a .
the gene being able to be #mutated in variant late-infantile neuronal ceroid lipofuscinosis (cln6) and in nclf mutant mice has encoded a novel predicted transmembrane protein .
analyses of transcription in vivo of agn-lacz with amino acids ee(437 and 438) which were #mutated support this conclusion .
the gene #mutated in variant late-infantile neuronal ceroid lipofuscinosis (cln6) and in nclf mutant mice has encoded a novel predicted transmembrane protein .
analyses of transcription in vivo of agn-lacz with dam target sequences which were #mutated support this conclusion .
analyses of transcription in vivo of agn-lacz with the activator-interaction domains in the complex which are #mutated support this conclusion .
analyses of transcription in vivo of agn-lacz with gene that are #mutated support this conclusion .
rca is comprised of two major steps: (i) identifying pairs of residue positions being observed to #mutate in a coordinated manner , and (ii) using these results to identify protein regions that interact with an uncommonly high number of other residues .
analyses of transcription in vivo of agn-lacz with #mutated gene support this conclusion .
the gene that may be #mutated in variant late-infantile neuronal ceroid lipofuscinosis (cln6) and in nclf mutant mice has encoded a novel predicted transmembrane protein .
rca is comprised of two major steps: (i) identifying pairs of residue positions that #mutate in a coordinated manner , and (ii) using these results to identify protein regions that interact with an uncommonly high number of other residues .
rca is comprised of two major steps: (i) identifying pairs of residue positions which #mutated in a coordinated manner , and (ii) using these results to identify protein regions which interact with an uncommonly high number of other residues .
rca is comprised of two major steps: (i) identifying pairs of residue positions which might #mutate in a coordinated manner , and (ii) using these results to identify protein regions which interact with an uncommonly high number of other residues .
analyses of transcription in vivo of agn-lacz with amino acids ee(437 and 438) that have been #mutated support this conclusion .
this epitope , which is hla-a2 restricted , includes two amino acids which are commonly #mutating (v82a and i84v) in the face of protease inhibitor therapy .
the gene observed to be #mutated in variant late-infantile neuronal ceroid lipofuscinosis (cln6) and in nclf mutant mice encodes a novel predicted transmembrane protein .
to determine how activators interact with the complex and to examine the importance of these interactions , relative to other potential targeting mechanisms , for swi/snf function , dam target sequences will be identified and #mutated .
this epitope , which is hla-a2 restricted , includes two amino acids that are #mutating (v82a and i84v) in the face of protease inhibitor therapy .
the gene having the ability to be #mutated in variant late-infantile neuronal ceroid lipofuscinosis (cln6) and in nclf mutant mice encodes a novel predicted transmembrane protein .
#mutating amino acids ee(437 and 438) to aa has the ability to generate the dna-binding mutant(stat5aee-aa) of stat5a .
the gene that was #mutated in variant late-infantile neuronal ceroid lipofuscinosis (cln6) and in nclf mutant mice has encoded a novel predicted transmembrane protein .
the gene that will be #mutated in variant late-infantile neuronal ceroid lipofuscinosis (cln6) and in nclf mutant mice has encoded a novel predicted transmembrane protein .
the gene observed to be #mutated in variant late-infantile neuronal ceroid lipofuscinosis (cln6) and in nclf mutant mice has encoded a novel predicted transmembrane protein .
analyses of transcription in vivo of agn-lacz with gene which can be #mutated support this conclusion .
analyses of transcription in vivo of agn-lacz with amino acids ee(437 and 438) which can be #mutated support this conclusion .
analyses of transcription in vivo of agn-lacz with the activator-interaction domains in the complex which can be #mutated support this conclusion .
analyses of transcription in vivo of agn-lacz with gene that were #mutated support this conclusion .
rca is comprised of two major steps: (i) identifying pairs of residue positions which will #mutate in a coordinated manner , and (ii) using these results to identify protein regions which interact with an uncommonly high number of other residues .
this epitope , which is hla-a2 restricted , includes two amino acids that may have commonly #mutated (v82a and i84v) in the face of protease inhibitor therapy .
#mutating amino acids ee(437 and 438) to aa is able to generate the dna-binding mutant(stat5aee-aa) of stat5a .
this epitope , which is hla-a2 restricted , includes two amino acids that may have #mutated (v82a and i84v) in the face of protease inhibitor therapy .
rca is comprised of two major steps: (i) identifying pairs of residue positions that has #mutated in a coordinated manner , and (ii) using these results to identify protein regions that interact with an uncommonly high number of other residues .
analyses of transcription in vivo of agn-lacz with amino acids ee(437 and 438) that are #mutated support this conclusion .
to determine how activators interact with the complex and to examine the importance of these interactions , relative to other potential targeting mechanisms , for swi/snf function , we identified and #mutated dam target sequences .
this epitope , which is hla-a2 restricted , includes two amino acids which may have commonly #mutated (v82a and i84v) in the face of protease inhibitor therapy .
rca is comprised of two major steps: (i) identifying pairs of residue positions which are observed to #mutate in a coordinated manner , and (ii) using these results to identify protein regions which interact with an uncommonly high number of other residues .
to determine how activators interact with the complex and to examine the importance of these interactions , relative to other potential targeting mechanisms , for swi/snf function , we have identified and #mutated pairs of residue positions .
to determine how activators interact with the complex and to examine the importance of these interactions , relative to other potential targeting mechanisms , for swi/snf function , the activator-interaction domains in the complex have been identified and #mutated .
this epitope , which is hla-a2 restricted , includes two amino acids that may #mutate (v82a and i84v) in the face of protease inhibitor therapy .
to determine how activators interact with the complex and to examine the importance of these interactions , relative to other potential targeting mechanisms , for swi/snf function , pairs of residue positions will be identified and #mutated .
analyses of transcription in vivo of agn-lacz with dam target sequences being #mutated support this conclusion .
analyses of transcription in vivo of agn-lacz with pairs of residue positions which can be #mutated support this conclusion .
analyses of transcription in vivo of agn-lacz with pairs of residue positions which are able to be #mutated support this conclusion .
analyses of transcription in vivo of agn-lacz with the activator-interaction domains in the complex which were #mutated support this conclusion .
analyses of transcription in vivo of agn-lacz with amino acids ee(437 and 438) which are #mutated support this conclusion .
this epitope , which is hla-a2 restricted , includes two amino acids that are observed to #mutate (v82a and i84v) in the face of protease inhibitor therapy .
this epitope , which is hla-a2 restricted , includes two amino acids that are able to commonly #mutate (v82a and i84v) in the face of protease inhibitor therapy .
to #mutate amino acids ee(437 and 438) to aa has the ability to generate the dna-binding mutant(stat5aee-aa) of stat5a .
analyses of transcription in vivo of agn-lacz with amino acids ee(437 and 438) that are able to be #mutated support this conclusion .
to determine how activators interact with the complex and to examine the importance of these interactions , relative to other potential targeting mechanisms , for swi/snf function , we found to identify and #mutate pairs of residue positions .
analyses of transcription in vivo of agn-lacz with pairs of residue positions which were #mutated support this conclusion .
analyses of transcription in vivo of agn-lacz with dam target sequences that have been #mutated support this conclusion .
rca is comprised of two major steps: (i) identifying pairs of residue positions that are able to #mutate in a coordinated manner , and (ii) using these results to identify protein regions that interact with an uncommonly high number of other residues .
#mutating amino acids ee(437 and 438) to aa could generate the dna-binding mutant(stat5aee-aa) of stat5a .
analyses of transcription in vivo of agn-lacz with the activator-interaction domains in the complex which may have been #mutated support this conclusion .
the gene that can be #mutated in variant late-infantile neuronal ceroid lipofuscinosis (cln6) and in nclf mutant mice has encoded a novel predicted transmembrane protein .
to determine how activators interact with the complex and to examine the importance of these interactions , relative to other potential targeting mechanisms , for swi/snf function , gene were identified and #mutated .
to determine how activators interact with the complex and to examine the importance of these interactions , relative to other potential targeting mechanisms , for swi/snf function , we have identified and #mutated gene .
rca is comprised of two major steps: (i) identifying pairs of residue positions which may #mutate in a coordinated manner , and (ii) using these results to identify protein regions which interact with an uncommonly high number of other residues .
this epitope , which is hla-a2 restricted , includes two amino acids that commonly #mutate (v82a and i84v) in the face of protease inhibitor therapy .
this epitope , which is hla-a2 restricted , includes two amino acids being able to #mutate (v82a and i84v) in the face of protease inhibitor therapy .
this epitope , which is hla-a2 restricted , includes two amino acids that can #mutate (v82a and i84v) in the face of protease inhibitor therapy .
to determine how activators interact with the complex and to examine the importance of these interactions , relative to other potential targeting mechanisms , for swi/snf function , we sought to identify and #mutate amino acids ee(437 and 438) .
this epitope , which is hla-a2 restricted , includes two amino acids which may have #mutated (v82a and i84v) in the face of protease inhibitor therapy .
this epitope , which is hla-a2 restricted , includes two amino acids that will #mutate (v82a and i84v) in the face of protease inhibitor therapy .
analyses of transcription in vivo of agn-lacz with dam target sequences which can be #mutated support this conclusion .
rca is comprised of two major steps: (i) identifying pairs of residue positions which have the ability to #mutate in a coordinated manner , and (ii) using these results to identify protein regions which interact with an uncommonly high number of other residues .
to determine how activators interact with the complex and to examine the importance of these interactions , relative to other potential targeting mechanisms , for swi/snf function , amino acids ee(437 and 438) will be identified and #mutated .
rca is comprised of two major steps: (i) identifying pairs of residue positions that can #mutate in a coordinated manner , and (ii) using these results to identify protein regions that interact with an uncommonly high number of other residues .
to determine how activators interact with the complex and to examine the importance of these interactions , relative to other potential targeting mechanisms , for swi/snf function , we sought to identify and #mutate the activator-interaction domains in the complex .
to determine how activators interact with the complex and to examine the importance of these interactions , relative to other potential targeting mechanisms , for swi/snf function , we identified and #mutated the activator-interaction domains in the complex .
rca is comprised of two major steps: (i) identifying pairs of residue positions that #mutated in a coordinated manner , and (ii) using these results to identify protein regions that interact with an uncommonly high number of other residues .
analyses of transcription in vivo of agn-lacz with amino acids ee(437 and 438) that can be #mutated support this conclusion .
to determine how activators interact with the complex and to examine the importance of these interactions , relative to other potential targeting mechanisms , for swi/snf function , we found to identify and #mutate the activator-interaction domains in the complex .
analyses of transcription in vivo of agn-lacz with dam target sequences that may have been #mutated support this conclusion .
this epitope , which is hla-a2 restricted , includes two amino acids which are able to commonly #mutate (v82a and i84v) in the face of protease inhibitor therapy .
to determine how activators interact with the complex and to examine the importance of these interactions , relative to other potential targeting mechanisms , for swi/snf function , we will identify and #mutate the activator-interaction domains in the complex .
analyses of transcription in vivo of agn-lacz with #mutated dam target sequences support this conclusion .
the dna-binding mutant(stat5aee-aa) of stat5a has been generated by #mutating amino acids ee(437 and 438) to aa .
analyses of transcription in vivo of agn-lacz with dam target sequences that were #mutated support this conclusion .
to determine how activators interact with the complex and to examine the importance of these interactions , relative to other potential targeting mechanisms , for swi/snf function , we will identify and #mutate amino acids ee(437 and 438) .
this epitope , which is hla-a2 restricted , includes two amino acids being able to commonly #mutate (v82a and i84v) in the face of protease inhibitor therapy .
this epitope , which is hla-a2 restricted , includes two amino acids that have #mutated (v82a and i84v) in the face of protease inhibitor therapy .
rca is comprised of two major steps: (i) identifying pairs of residue positions that might #mutate in a coordinated manner , and (ii) using these results to identify protein regions that interact with an uncommonly high number of other residues .
this epitope , which is hla-a2 restricted , includes two amino acids that could have #mutated (v82a and i84v) in the face of protease inhibitor therapy .
to determine how activators interact with the complex and to examine the importance of these interactions , relative to other potential targeting mechanisms , for swi/snf function , we identified and #mutated gene .
the gene being #mutated in variant late-infantile neuronal ceroid lipofuscinosis (cln6) and in nclf mutant mice encodes a novel predicted transmembrane protein .
to determine how activators interact with the complex and to examine the importance of these interactions , relative to other potential targeting mechanisms , for swi/snf function , dam target sequences have been identified and #mutated .
sox9 protein are able to be significantly #mutated by the two pka phosphorylation sites (s (64) and s (211)) , accession no .q62696 using the program swiss pdb viewer (guex and peitsch , 1997) .
in cos-7 cells cotransfected with pka-calpha and sox9 expression plasmids , pka enhanced the phosphorylation of wild-type sox9 but did not affect phosphorylation of a sox9 protein in which the two pka phosphorylation sites (s (64) and s (211)) are significantly #mutated .
in cos-7 cells cotransfected with pka-calpha and sox9 expression plasmids , pka enhanced the phosphorylation of wild-type sox9 but did not affect phosphorylation of a the template fragments in which the sequence of sap97 rat are able to be #mutated .
in contrast , to #mutate the c-terminal map kinase sites (t235 and t239) may have essentially led to abolished egf-stimulated increase in phosphorylation and prevented egf-induced mobility shift (figure 5c , lanes 7 and 8) .
cotransfections with plasmids expressing wt-1 , wtar (a #mutated form of wt-1) , p53 , and a #mutated form of p53 revealed a complex pattern of regulation with a 3-fold induction with wt-1 , a 7-fold induction with p53 which has been #mutated , and a 4-fold repression with wild-type p53 .
sox9 protein are significantly #mutated by the two pka phosphorylation sites (s (64) and s (211)) , accession no .q62696 using the program swiss pdb viewer (guex and peitsch , 1997) .
sox9 protein are observed to be #mutated by s (64) and s (211) , accession no .q62696 using the program swiss pdb viewer (guex and peitsch , 1997) .
sox9 protein could have been significantly #mutated by s (64) and s (211) , accession no .q62696 using the program swiss pdb viewer (guex and peitsch , 1997) .
in cos-7 cells cotransfected with pka-calpha and sox9 expression plasmids , pka enhanced the phosphorylation of wild-type sox9 but did not affect phosphorylation of a sox9 protein in which the two pka phosphorylation sites (s (64) and s (211)) have been #mutated .
sox9 protein will be #mutated by s (64) and s (211) , accession no .q62696 using the program swiss pdb viewer (guex and peitsch , 1997) .
cotransfections with plasmids expressing wt-1 , wtar (a #mutated form of wt-1) , p53 , and a #mutated form of p53 revealed a complex pattern of regulation with a 3-fold induction with wt-1 , a 7-fold induction with p53 which has the ability to be remarkably #mutated , and a 4-fold repression with wild-type p53 .
the template fragments might have been significantly #mutated by the sequence of sap97 rat , accession no .q62696 using the program swiss pdb viewer (guex and peitsch , 1997) .
the template fragments are able to be #mutated by the sequence of sap97 rat , accession no .q62696 using the program swiss pdb viewer (guex and peitsch , 1997) .
#mutating the c-terminal map kinase sites (t235 and t239) , in contrast , essentially leads to abolished egf-stimulated increase in phosphorylation and prevented egf-induced mobility shift (figure 5c , lanes 7 and 8) .
sox9 protein might have been #mutated by the two pka phosphorylation sites (s (64) and s (211)) , accession no .q62696 using the program swiss pdb viewer (guex and peitsch , 1997) .
sox9 protein would be significantly #mutated by s (64) and s (211) , accession no .q62696 using the program swiss pdb viewer (guex and peitsch , 1997) .
sox9 protein might be #mutated by the two pka phosphorylation sites (s (64) and s (211)) , accession no .q62696 using the program swiss pdb viewer (guex and peitsch , 1997) .
cotransfections with plasmids expressing wt-1 , wtar (a #mutated form of wt-1) , p53 , and a #mutated form of p53 revealed a complex pattern of regulation with a 3-fold induction with wt-1 , a 7-fold induction with p53 that is observed to be remarkably #mutated , and a 4-fold repression with wild-type p53 .
cotransfections with plasmids expressing wt-1 , wtar (a #mutated form of wt-1) , p53 , and a #mutated form of p53 revealed a complex pattern of regulation with a 3-fold induction with wt-1 , a 7-fold induction with p53 which would be #mutated , and a 4-fold repression with wild-type p53 .
cotransfections with plasmids expressing wt-1 , wtar (a #mutated form of wt-1) , p53 , and a #mutated form of p53 revealed a complex pattern of regulation with a 3-fold induction with wt-1 , a 7-fold induction with p53 that is believed to be #mutated , and a 4-fold repression with wild-type p53 .
cotransfections with plasmids expressing wt-1 , wtar (a #mutated form of wt-1) , p53 , and a #mutated form of p53 revealed a complex pattern of regulation with a 3-fold induction with wt-1 , a 7-fold induction with p53 that is remarkably #mutated , and a 4-fold repression with wild-type p53 .
to #mutate the c-terminal map kinase sites (t235 and t239) , in contrast , has essentially led to abolished egf-stimulated increase in phosphorylation and prevented egf-induced mobility shift (figure 5c , lanes 7 and 8) .
sox9 protein are #mutated by s (64) and s (211) , accession no .q62696 using the program swiss pdb viewer (guex and peitsch , 1997) .
cotransfections with plasmids expressing wt-1 , wtar (a #mutated form of wt-1) , p53 , and a #mutated form of p53 revealed a complex pattern of regulation with a 3-fold induction with wt-1 , a 7-fold induction with p53 that could be remarkably #mutated , and a 4-fold repression with wild-type p53 .
cotransfections with plasmids expressing wt-1 , wtar (a #mutated form of wt-1) , p53 , and a #mutated form of p53 revealed a complex pattern of regulation with a 3-fold induction with wt-1 , a 7-fold induction with p53 which is remarkably #mutated , and a 4-fold repression with wild-type p53 .
cotransfections with plasmids expressing wt-1 , wtar (a #mutated form of wt-1) , p53 , and a #mutated form of p53 revealed a complex pattern of regulation with a 3-fold induction with wt-1 , a 7-fold induction with p53 which has been remarkably #mutated , and a 4-fold repression with wild-type p53 .
sox9 protein will be significantly #mutated by the two pka phosphorylation sites (s (64) and s (211)) , accession no .q62696 using the program swiss pdb viewer (guex and peitsch , 1997) .
the template fragments could be #mutated by the sequence of sap97 rat , accession no .q62696 using the program swiss pdb viewer (guex and peitsch , 1997) .
the template fragments will be #mutated by the sequence of sap97 rat , accession no .q62696 using the program swiss pdb viewer (guex and peitsch , 1997) .
cotransfections with plasmids expressing wt-1 , wtar (a #mutated form of wt-1) , p53 , and a #mutated form of p53 revealed a complex pattern of regulation with a 3-fold induction with wt-1 , a 7-fold induction with p53 that might have been remarkably #mutated , and a 4-fold repression with wild-type p53 .
in cos-7 cells cotransfected with pka-calpha and sox9 expression plasmids , pka enhanced the phosphorylation of wild-type sox9 but did not affect phosphorylation of a the template fragments in which the sequence of sap97 rat are #mutated .
cotransfections with plasmids expressing wt-1 , wtar (a #mutated form of wt-1) , p53 , and a #mutated form of p53 revealed a complex pattern of regulation with a 3-fold induction with wt-1 , a 7-fold induction with #mutated p53 , and a 4-fold repression with wild-type p53 .
in contrast , #mutating the c-terminal map kinase sites (t235 and t239) essentially leads to abolished egf-stimulated increase in phosphorylation and prevented egf-induced mobility shift (figure 5c , lanes 7 and 8) .
the template fragments have the probability of being #mutated by the sequence of sap97 rat , accession no .q62696 using the program swiss pdb viewer (guex and peitsch , 1997) .
sox9 protein may be #mutated by s (64) and s (211) , accession no .q62696 using the program swiss pdb viewer (guex and peitsch , 1997) .
cotransfections with plasmids expressing wt-1 , wtar (a #mutated form of wt-1) , p53 , and a #mutated form of p53 revealed a complex pattern of regulation with a 3-fold induction with wt-1 , a 7-fold induction with p53 that is able to be #mutated , and a 4-fold repression with wild-type p53 .
#mutating the c-terminal map kinase sites (t235 and t239) , for example , has essentially led to abolished egf-stimulated increase in phosphorylation and prevented egf-induced mobility shift (figure 5c , lanes 7 and 8) .
sox9 protein have been significantly #mutated by the two pka phosphorylation sites (s (64) and s (211)) , accession no .q62696 using the program swiss pdb viewer (guex and peitsch , 1997) .
sox9 protein have been significantly #mutated by s (64) and s (211) , accession no .q62696 using the program swiss pdb viewer (guex and peitsch , 1997) .
for example , #mutating the c-terminal map kinase sites (t235 and t239) has essentially led to abolished egf-stimulated increase in phosphorylation and prevented egf-induced mobility shift (figure 5c , lanes 7 and 8) .
cotransfections with plasmids expressing wt-1 , wtar (a #mutated form of wt-1) , p53 , and a #mutated form of p53 revealed a complex pattern of regulation with a 3-fold induction with wt-1 , a 7-fold induction with p53 which has the ability to be #mutated , and a 4-fold repression with wild-type p53 .
cotransfections with plasmids expressing wt-1 , wtar (a #mutated form of wt-1) , p53 , and a #mutated form of p53 revealed a complex pattern of regulation with a 3-fold induction with wt-1 , a 7-fold induction with p53 that would be remarkably #mutated , and a 4-fold repression with wild-type p53 .
in cos-7 cells cotransfected with pka-calpha and sox9 expression plasmids , pka enhanced the phosphorylation of wild-type sox9 but did not affect phosphorylation of a sox9 protein in which the two pka phosphorylation sites (s (64) and s (211)) could have already been #mutated .
cotransfections with plasmids expressing wt-1 , wtar (a #mutated form of wt-1) , p53 , and a #mutated form of p53 revealed a complex pattern of regulation with a 3-fold induction with wt-1 , a 7-fold induction with p53 that has the ability to be remarkably #mutated , and a 4-fold repression with wild-type p53 .
sox9 protein could be #mutated by the two pka phosphorylation sites (s (64) and s (211)) , accession no .q62696 using the program swiss pdb viewer (guex and peitsch , 1997) .
#mutating the c-terminal map kinase sites (t235 and t239) , in contrast , has essentially led to abolished egf-stimulated increase in phosphorylation and prevented egf-induced mobility shift (figure 5c , lanes 7 and 8) .
in cos-7 cells cotransfected with pka-calpha and sox9 expression plasmids , pka enhanced the phosphorylation of wild-type sox9 but did not affect phosphorylation of a sox9 protein in which the two pka phosphorylation sites (s (64) and s (211)) have already been significantly #mutated .
the template fragments could be significantly #mutated by the sequence of sap97 rat , accession no .q62696 using the program swiss pdb viewer (guex and peitsch , 1997) .
for example , #mutating the c-terminal map kinase sites (t235 and t239) may have essentially led to abolished egf-stimulated increase in phosphorylation and prevented egf-induced mobility shift (figure 5c , lanes 7 and 8) .
sox9 protein were #mutated by the two pka phosphorylation sites (s (64) and s (211)) , accession no .q62696 , using the program swiss pdb viewer (guex and peitsch , 1997) .
cotransfections with plasmids expressing wt-1 , wtar (a #mutated form of wt-1) , p53 , and a #mutated form of p53 revealed a complex pattern of regulation with a 3-fold induction with wt-1 , a 7-fold induction with p53 that could be #mutated , and a 4-fold repression with wild-type p53 .
cotransfections with plasmids expressing wt-1 , wtar (a #mutated form of wt-1) , p53 , and a #mutated form of p53 revealed a complex pattern of regulation with a 3-fold induction with wt-1 , a 7-fold induction with p53 that has the ability to be #mutated , and a 4-fold repression with wild-type p53 .
cotransfections with plasmids expressing wt-1 , wtar (a #mutated form of wt-1) , p53 , and a #mutated form of p53 revealed a complex pattern of regulation with a 3-fold induction with wt-1 , a 7-fold induction with p53 that will be #mutated , and a 4-fold repression with wild-type p53 .
in cos-7 cells cotransfected with pka-calpha and sox9 expression plasmids , pka enhanced the phosphorylation of wild-type sox9 but did not affect phosphorylation of a the template fragments in which the sequence of sap97 rat could have been #mutated .
cotransfections with plasmids expressing wt-1 , wtar (a #mutated form of wt-1) , p53 , and a #mutated form of p53 revealed a complex pattern of regulation with a 3-fold induction with wt-1 , a 7-fold induction with p53 which might be remarkably #mutated , and a 4-fold repression with wild-type p53 .
sox9 protein could be significantly #mutated by s (64) and s (211) , accession no .q62696 using the program swiss pdb viewer (guex and peitsch , 1997) .
sox9 protein are significantly #mutated by s (64) and s (211) , accession no .q62696 using the program swiss pdb viewer (guex and peitsch , 1997) .
to #mutate the c-terminal map kinase sites (t235 and t239) , for example , may have essentially led to abolished egf-stimulated increase in phosphorylation and prevented egf-induced mobility shift (figure 5c , lanes 7 and 8) .
in cos-7 cells cotransfected with pka-calpha and sox9 expression plasmids , pka enhanced the phosphorylation of wild-type sox9 but did not affect phosphorylation of a sox9 protein in which the two pka phosphorylation sites (s (64) and s (211)) were observed to be #mutated .
cotransfections with plasmids expressing wt-1 , wtar (a #mutated form of wt-1) , p53 , and a #mutated form of p53 revealed a complex pattern of regulation with a 3-fold induction with wt-1 , a 7-fold induction with p53 which will be #mutated , and a 4-fold repression with wild-type p53 .
sox9 protein have the probability of being significantly #mutated by s (64) and s (211) , accession no .q62696 using the program swiss pdb viewer (guex and peitsch , 1997) .
#mutating the c-terminal map kinase sites (t235 and t239) , for example , essentially leads to abolished egf-stimulated increase in phosphorylation and prevented egf-induced mobility shift (figure 5c , lanes 7 and 8) .
cotransfections with plasmids expressing wt-1 , wtar (a #mutated form of wt-1) , p53 , and a #mutated form of p53 revealed a complex pattern of regulation with a 3-fold induction with wt-1 , a 7-fold induction with p53 which can be remarkably #mutated , and a 4-fold repression with wild-type p53 .
#mutating the c-terminal map kinase sites (t235 and t239) , in contrast , may have essentially led to abolished egf-stimulated increase in phosphorylation and prevented egf-induced mobility shift (figure 5c , lanes 7 and 8) .
in cos-7 cells cotransfected with pka-calpha and sox9 expression plasmids , pka enhanced the phosphorylation of wild-type sox9 but did not affect phosphorylation of a sox9 protein in which the two pka phosphorylation sites (s (64) and s (211)) were significantly #mutated .
in cos-7 cells cotransfected with pka-calpha and sox9 expression plasmids , pka enhanced the phosphorylation of wild-type sox9 but did not affect phosphorylation of a sox9 protein in which s (64) and s (211) have already been significantly #mutated .
the template fragments might be significantly #mutated by the sequence of sap97 rat , accession no .q62696 using the program swiss pdb viewer (guex and peitsch , 1997) .
in cos-7 cells cotransfected with pka-calpha and sox9 expression plasmids , pka enhanced the phosphorylation of wild-type sox9 but did not affect phosphorylation of a sox9 protein in which the two pka phosphorylation sites (s (64) and s (211)) are able to be #mutated .
cotransfections with plasmids expressing wt-1 , wtar (a #mutated form of wt-1) , p53 , and a #mutated form of p53 revealed a complex pattern of regulation with a 3-fold induction with wt-1 , a 7-fold induction with p53 which is observed to be #mutated , and a 4-fold repression with wild-type p53 .
the template fragments might be #mutated by the sequence of sap97 rat , accession no .q62696 using the program swiss pdb viewer (guex and peitsch , 1997) .
in cos-7 cells cotransfected with pka-calpha and sox9 expression plasmids , pka enhanced the phosphorylation of wild-type sox9 but did not affect phosphorylation of a the template fragments in which the sequence of sap97 rat have the ability to be significantly #mutated .
the template fragments have been #mutated by the sequence of sap97 rat , accession no .q62696 using the program swiss pdb viewer (guex and peitsch , 1997) .
cotransfections with plasmids expressing wt-1 , wtar (a #mutated form of wt-1) , p53 , and a #mutated form of p53 revealed a complex pattern of regulation with a 3-fold induction with wt-1 , a 7-fold induction with p53 which would be remarkably #mutated , and a 4-fold repression with wild-type p53 .
in cos-7 cells cotransfected with pka-calpha and sox9 expression plasmids , pka enhanced the phosphorylation of wild-type sox9 but did not affect phosphorylation of a the template fragments in which the sequence of sap97 rat have already been significantly #mutated .
our research has shown that to #mutate the c-terminal map kinase sites (t235 and t239) may have essentially led to abolished egf-stimulated increase in phosphorylation and prevented egf-induced mobility shift (figure 5c , lanes 7 and 8) .
in cos-7 cells cotransfected with pka-calpha and sox9 expression plasmids , pka enhanced the phosphorylation of wild-type sox9 but did not affect phosphorylation of a sox9 protein in which s (64) and s (211) were observed to be #mutated .
in cos-7 cells cotransfected with pka-calpha and sox9 expression plasmids , pka enhanced the phosphorylation of wild-type sox9 but did not affect phosphorylation of a sox9 protein in which the two pka phosphorylation sites (s (64) and s (211)) have already been #mutated .
the template fragments can be significantly #mutated by the sequence of sap97 rat , accession no .q62696 using the program swiss pdb viewer (guex and peitsch , 1997) .
in cos-7 cells cotransfected with pka-calpha and sox9 expression plasmids , pka enhanced the phosphorylation of wild-type sox9 but did not affect phosphorylation of a the template fragments in which the sequence of sap97 rat could have already been #mutated .
cotransfections with plasmids expressing wt-1 , wtar (a #mutated form of wt-1) , p53 , and a #mutated form of p53 revealed a complex pattern of regulation with a 3-fold induction with wt-1 , a 7-fold induction with p53 that might have been #mutated , and a 4-fold repression with wild-type p53 .
in cos-7 cells cotransfected with pka-calpha and sox9 expression plasmids , pka enhanced the phosphorylation of wild-type sox9 but did not affect phosphorylation of a sox9 protein in which the two pka phosphorylation sites (s (64) and s (211)) have the ability to be #mutated .
cotransfections with plasmids expressing wt-1 , wtar (a #mutated form of wt-1) , p53 , and a #mutated form of p53 revealed a complex pattern of regulation with a 3-fold induction with wt-1 , a 7-fold induction with p53 that would be #mutated , and a 4-fold repression with wild-type p53 .
cotransfections with plasmids expressing wt-1 , wtar (a #mutated form of wt-1) , p53 , and a #mutated form of p53 revealed a complex pattern of regulation with a 3-fold induction with wt-1 , a 7-fold induction with p53 which is #mutated , and a 4-fold repression with wild-type p53 .
cotransfections with plasmids expressing wt-1 , wtar (a #mutated form of wt-1) , p53 , and a #mutated form of p53 revealed a complex pattern of regulation with a 3-fold induction with wt-1 , a 7-fold induction with p53 which can be #mutated , and a 4-fold repression with wild-type p53 .
for example , to #mutate the c-terminal map kinase sites (t235 and t239) is observed to essentially led to abolished egf-stimulated increase in phosphorylation and prevented egf-induced mobility shift (figure 5c , lanes 7 and 8) .
sox9 protein are able to be significantly #mutated by s (64) and s (211) , accession no .q62696 using the program swiss pdb viewer (guex and peitsch , 1997) .
the template fragments might have been #mutated by the sequence of sap97 rat , accession no .q62696 using the program swiss pdb viewer (guex and peitsch , 1997) .
the template fragments are observed to be #mutated by the sequence of sap97 rat , accession no .q62696 using the program swiss pdb viewer (guex and peitsch , 1997) .
in cos-7 cells cotransfected with pka-calpha and sox9 expression plasmids , pka enhanced the phosphorylation of wild-type sox9 but did not affect phosphorylation of a sox9 protein in which s (64) and s (211) are able to be #mutated .
cotransfections with plasmids expressing wt-1 , wtar (a #mutated form of wt-1) , p53 , and a #mutated form of p53 revealed a complex pattern of regulation with a 3-fold induction with wt-1 , a 7-fold induction with p53 which will be remarkably #mutated , and a 4-fold repression with wild-type p53 .
sox9 protein could have been significantly #mutated by the two pka phosphorylation sites (s (64) and s (211)) , accession no .q62696 using the program swiss pdb viewer (guex and peitsch , 1997) .
in cos-7 cells cotransfected with pka-calpha and sox9 expression plasmids , pka enhanced the phosphorylation of wild-type sox9 but did not affect phosphorylation of a the template fragments in which the sequence of sap97 rat were observed to be significantly #mutated .
in cos-7 cells cotransfected with pka-calpha and sox9 expression plasmids , pka enhanced the phosphorylation of wild-type sox9 but did not affect phosphorylation of a the template fragments in which the sequence of sap97 rat were significantly #mutated .
sox9 protein have the probability of being #mutated by the two pka phosphorylation sites (s (64) and s (211)) , accession no .q62696 using the program swiss pdb viewer (guex and peitsch , 1997) .
cotransfections with plasmids expressing wt-1 , wtar (a #mutated form of wt-1) , p53 , and a #mutated form of p53 revealed a complex pattern of regulation with a 3-fold induction with wt-1 , a 7-fold induction with p53 which might have been #mutated , and a 4-fold repression with wild-type p53 .
the template fragments may be significantly #mutated by the sequence of sap97 rat , accession no .q62696 using the program swiss pdb viewer (guex and peitsch , 1997) .
sox9 protein have been #mutated by s (64) and s (211) , accession no .q62696 using the program swiss pdb viewer (guex and peitsch , 1997) .
in cos-7 cells cotransfected with pka-calpha and sox9 expression plasmids , pka enhanced the phosphorylation of wild-type sox9 but did not affect phosphorylation of a the template fragments in which the sequence of sap97 rat are able to be significantly #mutated .
cotransfections with plasmids expressing wt-1 , wtar (a #mutated form of wt-1) , p53 , and a #mutated form of p53 revealed a complex pattern of regulation with a 3-fold induction with wt-1 , a 7-fold induction with p53 which might be #mutated , and a 4-fold repression with wild-type p53 .
#mutating the c-terminal map kinase sites (t235 and t239) , for example , is observed to essentially led to abolished egf-stimulated increase in phosphorylation and prevented egf-induced mobility shift (figure 5c , lanes 7 and 8) .
to #mutate the c-terminal map kinase sites (t235 and t239) , for example , has essentially led to abolished egf-stimulated increase in phosphorylation and prevented egf-induced mobility shift (figure 5c , lanes 7 and 8) .
the template fragments could have been significantly #mutated by the sequence of sap97 rat , accession no .q62696 using the program swiss pdb viewer (guex and peitsch , 1997) .
the template fragments may be #mutated by the sequence of sap97 rat , accession no .q62696 using the program swiss pdb viewer (guex and peitsch , 1997) .
in cos-7 cells cotransfected with pka-calpha and sox9 expression plasmids , pka enhanced the phosphorylation of wild-type sox9 but did not affect phosphorylation of a the template fragments in which the sequence of sap97 rat have already been #mutated .
in cos-7 cells cotransfected with pka-calpha and sox9 expression plasmids , pka enhanced the phosphorylation of wild-type sox9 but did not affect phosphorylation of a sox9 protein in which s (64) and s (211) were significantly #mutated .
in cos-7 cells cotransfected with pka-calpha and sox9 expression plasmids , pka enhanced the phosphorylation of wild-type sox9 but did not affect phosphorylation of a the template fragments in which the sequence of sap97 rat were #mutated .
in cos-7 cells cotransfected with pka-calpha and sox9 expression plasmids , pka enhanced the phosphorylation of wild-type sox9 but did not affect phosphorylation of a the template fragments in which the sequence of sap97 rat were observed to be #mutated .
sox9 protein can be #mutated by s (64) and s (211) , accession no .q62696 using the program swiss pdb viewer (guex and peitsch , 1997) .
sox9 protein might have been #mutated by s (64) and s (211) , accession no .q62696 using the program swiss pdb viewer (guex and peitsch , 1997) .
sox9 protein are able to be #mutated by s (64) and s (211) , accession no .q62696 using the program swiss pdb viewer (guex and peitsch , 1997) .
in cos-7 cells cotransfected with pka-calpha and sox9 expression plasmids , pka enhanced the phosphorylation of wild-type sox9 but did not affect phosphorylation of a sox9 protein in which the two pka phosphorylation sites (s (64) and s (211)) could have been #mutated .
cotransfections with plasmids expressing wt-1 , wtar (a #mutated form of wt-1) , p53 , and a #mutated form of p53 revealed a complex pattern of regulation with a 3-fold induction with wt-1 , a 7-fold induction with p53 that is observed to be #mutated , and a 4-fold repression with wild-type p53 .
cotransfections with plasmids expressing wt-1 , wtar (a #mutated form of wt-1) , p53 , and a #mutated form of p53 revealed a complex pattern of regulation with a 3-fold induction with wt-1 , a 7-fold induction with p53 that may be remarkably #mutated , and a 4-fold repression with wild-type p53 .
