our observations illustrate that adult naive t cells has the ability to be endowed with the biochemical machinery to #proliferate indefinitely when transferred to lymphopenic hosts , yet , there are intrinsic mechanisms that effectively circumscribe the extent and duration of trophoblast proliferation .
cancer cells can be characterized by either an increased ability to #proliferate or a diminished capacity to undergo programmed cell death .
the ability of ebd cells to #proliferate in vivo was examined by injection of 3 ? 106 lvec cells into the calf muscle of 3 immunocompromised mice .
treatment of adult naive t cells of different origin with the ganglioside biosynthesis inhibitors fumonisin b1 , d-threo-1-phenyl-2-decanoylamino-3-morpholino-1-propanol or d-1-threo-1-phenyl-2-hexa-decanoylamino-3-pyrrolidino-1-propanol-hcl , has impaired their capacity to #proliferate when transferred to lymphopenic hosts .
adult naive t cells may have regained the ability to #proliferate when transferred to lymphopenic hosts (figure 6b) .
adult naive t cells , which are at rest in normal conditions , will #proliferate strongly when transferred to lymphopenic hosts .
after androgen withdrawal and antiandrogen treatment , cancer cells that will cease to #proliferate and undergo apoptosis will cause tumor regression .
adult naive t cells are able to regain the ability to #proliferate indefinitely when transferred to lymphopenic hosts (figure 6b) .
adult naive t cells , which are at rest in normal conditions , are observed to #proliferate when transferred to lymphopenic hosts .
after androgen withdrawal and antiandrogen treatment , cancer cells that are able to cease to #proliferate and undergo apoptosis will cause tumor regression .
after androgen withdrawal and antiandrogen treatment , cancer cells that may cease to #proliferate and undergo apoptosis will cause tumor regression .
our observations illustrate that adult naive t cells is shown to be endowed with the biochemical machinery to #proliferate indefinitely when transferred to lymphopenic hosts , yet , there are intrinsic mechanisms that effectively circumscribe the extent and duration of trophoblast proliferation .
our observations illustrate that adult naive t cells will be endowed with the biochemical machinery to #proliferate when transferred to lymphopenic hosts , yet , there are intrinsic mechanisms that effectively circumscribe the extent and duration of trophoblast proliferation .
adult naive t cells , which are at rest in normal conditions , could have strongly #proliferated when transferred to lymphopenic hosts .
treatment of adult naive t cells of different origin with the ganglioside biosynthesis inhibitors fumonisin b1 , d-threo-1-phenyl-2-decanoylamino-3-morpholino-1-propanol or d-1-threo-1-phenyl-2-hexa-decanoylamino-3-pyrrolidino-1-propanol-hcl , will impair their capacity to #proliferate when transferred to lymphopenic hosts .
the ability of ebd cells that have strongly #proliferated in vivo was examined by injection of 3 ? 106 lvec cells into the calf muscle of 3 immunocompromised mice .
the ability of ebd cells being able to #proliferate strongly in vivo was examined by injection of 3 ? 106 lvec cells into the calf muscle of 3 immunocompromised mice .
adult naive t cells are observed to regain the ability to #proliferate indefinitely when transferred to lymphopenic hosts (figure 6b) .
cancer cells are believed to be characterized by either an increased ability to #proliferate or a diminished capacity to undergo programmed cell death .
after androgen withdrawal and antiandrogen treatment , cancer cells that are observed to cease to #proliferate and undergo apoptosis will cause tumor regression .
adult naive t cells , which are at rest in normal conditions , can #proliferate strongly when transferred to lymphopenic hosts .
treatment of adult naive t cells of different origin with the ganglioside biosynthesis inhibitors fumonisin b1 , d-threo-1-phenyl-2-decanoylamino-3-morpholino-1-propanol or d-1-threo-1-phenyl-2-hexa-decanoylamino-3-pyrrolidino-1-propanol-hcl , is able to significantly impair their capacity to #proliferate when transferred to lymphopenic hosts .
after androgen withdrawal and antiandrogen treatment , cancer cells being observed to cease to #proliferate and undergo apoptosis will cause tumor regression .
adult naive t cells , which are at rest in normal conditions , may #proliferate when transferred to lymphopenic hosts .
adult naive t cells , which are at rest in normal conditions , #proliferated strongly when transferred to lymphopenic hosts .
cancer cells are characterized by either an increased ability for #proliferating or a diminished capacity to undergo programmed cell death .
cancer cells are characterized by either an increased ability for strong #proliferating or a diminished capacity to undergo programmed cell death .
adult naive t cells regained the ability to #proliferate indefinitely when transferred to lymphopenic hosts (figure 6b) .
treatment of adult naive t cells of different origin with the ganglioside biosynthesis inhibitors fumonisin b1 , d-threo-1-phenyl-2-decanoylamino-3-morpholino-1-propanol or d-1-threo-1-phenyl-2-hexa-decanoylamino-3-pyrrolidino-1-propanol-hcl , has significantly impaired their capacity to #proliferate when transferred to lymphopenic hosts .
the ability of ebd cells that can #proliferate in vivo was examined by injection of 3 ? 106 lvec cells into the calf muscle of 3 immunocompromised mice .
our observations illustrate that adult naive t cells may have been endowed with the biochemical machinery to #proliferate when transferred to lymphopenic hosts , yet , there are intrinsic mechanisms that effectively circumscribe the extent and duration of trophoblast proliferation .
adult naive t cells , which are at rest in normal conditions , can strongly #proliferate when transferred to lymphopenic hosts .
adult naive t cells have regained the ability to #proliferate when transferred to lymphopenic hosts (figure 6b) .
adult naive t cells regained the ability to #proliferate when transferred to lymphopenic hosts (figure 6b) .
adult naive t cells , which are at rest in normal conditions , could have #proliferated strongly when transferred to lymphopenic hosts .
cancer cells are characterized by either an increased ability to #proliferate or a diminished capacity to undergo programmed cell death .
treatment of adult naive t cells of different origin with the ganglioside biosynthesis inhibitors fumonisin b1 , d-threo-1-phenyl-2-decanoylamino-3-morpholino-1-propanol or d-1-threo-1-phenyl-2-hexa-decanoylamino-3-pyrrolidino-1-propanol-hcl , is able to impair their capacity to #proliferate when transferred to lymphopenic hosts .
our observations illustrate that adult naive t cells was endowed with the biochemical machinery to #proliferate when transferred to lymphopenic hosts , yet , there are intrinsic mechanisms that effectively circumscribe the extent and duration of trophoblast proliferation .
cancer cells wil be characterized by either an increased ability for #proliferating or a diminished capacity to undergo programmed cell death .
adult naive t cells , which are at rest in normal conditions , have the ability to #proliferate strongly when transferred to lymphopenic hosts .
the ability of ebd cells that may have strongly #proliferated in vivo was examined by injection of 3 ? 106 lvec cells into the calf muscle of 3 immunocompromised mice .
adult naive t cells , which are at rest in normal conditions , will strongly #proliferate when transferred to lymphopenic hosts .
adult naive t cells have regained the ability to #proliferate indefinitely when transferred to lymphopenic hosts (figure 6b) .
adult naive t cells are observed to regain the ability to #proliferate when transferred to lymphopenic hosts (figure 6b) .
our observations illustrate that adult naive t cells can be endowed with the biochemical machinery to #proliferate when transferred to lymphopenic hosts , yet , there are intrinsic mechanisms that effectively circumscribe the extent and duration of trophoblast proliferation .
after androgen withdrawal and antiandrogen treatment , cancer cells that can cease to #proliferate and undergo apoptosis will cause tumor regression .
adult naive t cells , which are at rest in normal conditions , may strongly #proliferate when transferred to lymphopenic hosts .
the ability of ebd cells having the ability to #proliferate in vivo was examined by injection of 3 ? 106 lvec cells into the calf muscle of 3 immunocompromised mice .
adult naive t cells will regain the ability to #proliferate when transferred to lymphopenic hosts (figure 6b) .
after androgen withdrawal and antiandrogen treatment , cancer cells will cease to #proliferate and undergo apoptosis , causing tumor regression .
adult naive t cells may have regained the ability to #proliferate indefinitely when transferred to lymphopenic hosts (figure 6b) .
the ability of ebd cells that is able to #proliferate in vivo was examined by injection of 3 ? 106 lvec cells into the calf muscle of 3 immunocompromised mice .
after androgen withdrawal and antiandrogen treatment , cancer cells can cease to #proliferate and undergo apoptosis , causing tumor regression .
treatment of adult naive t cells of different origin with the ganglioside biosynthesis inhibitors fumonisin b1 , d-threo-1-phenyl-2-decanoylamino-3-morpholino-1-propanol or d-1-threo-1-phenyl-2-hexa-decanoylamino-3-pyrrolidino-1-propanol-hcl , impairs their capacity to #proliferate when transferred to lymphopenic hosts .
cancer cells has been characterized by either an increased ability to strongly #proliferate or a diminished capacity to undergo programmed cell death .
after androgen withdrawal and antiandrogen treatment , cancer cells that have ceased to #proliferate and undergo apoptosis caused tumor regression .
the ability of ebd cells having #proliferated in vivo was examined by injection of 3 ? 106 lvec cells into the calf muscle of 3 immunocompromised mice .
our observations illustrate that adult naive t cells will be endowed with the biochemical machinery to #proliferate indefinitely when transferred to lymphopenic hosts , yet , there are intrinsic mechanisms that effectively circumscribe the extent and duration of trophoblast proliferation .
after androgen withdrawal and antiandrogen treatment , cancer cells have ceased to #proliferate and underwent apoptosis , causing tumor regression .
cancer cells has been characterized by either an increased ability to #proliferate or a diminished capacity to undergo programmed cell death .
treatment of adult naive t cells of different origin with the ganglioside biosynthesis inhibitors fumonisin b1 , d-threo-1-phenyl-2-decanoylamino-3-morpholino-1-propanol or d-1-threo-1-phenyl-2-hexa-decanoylamino-3-pyrrolidino-1-propanol-hcl , impaired their capacity to #proliferate when transferred to lymphopenic hosts .
the ability of ebd cells that may have #proliferated in vivo was examined by injection of 3 ? 106 lvec cells into the calf muscle of 3 immunocompromised mice .
adult naive t cells , which are at rest in normal conditions , might have #proliferated when transferred to lymphopenic hosts .
adult naive t cells , which are at rest in normal conditions , might have #proliferated strongly when transferred to lymphopenic hosts .
after androgen withdrawal and antiandrogen treatment , cancer cells having ceased to #proliferate and undergo apoptosis caused tumor regression .
adult naive t cells , which are at rest in normal conditions , have strongly #proliferated when transferred to lymphopenic hosts .
treatment of adult naive t cells of different origin with the ganglioside biosynthesis inhibitors fumonisin b1 , d-threo-1-phenyl-2-decanoylamino-3-morpholino-1-propanol or d-1-threo-1-phenyl-2-hexa-decanoylamino-3-pyrrolidino-1-propanol-hcl , is observed to significantly impair their capacity to #proliferate when transferred to lymphopenic hosts .
treatment of adult naive t cells of different origin with the ganglioside biosynthesis inhibitors fumonisin b1 , d-threo-1-phenyl-2-decanoylamino-3-morpholino-1-propanol or d-1-threo-1-phenyl-2-hexa-decanoylamino-3-pyrrolidino-1-propanol-hcl , can significantly impair their capacity to #proliferate when transferred to lymphopenic hosts .
adult naive t cells , which are at rest in normal conditions , may #proliferate strongly when transferred to lymphopenic hosts .
treatment of stat5ab-/-peripheral t cells of different origin with the ganglioside biosynthesis inhibitors fumonisin b1 , d-threo-1-phenyl-2-decanoylamino-3-morpholino-1-propanol or d-1-threo-1-phenyl-2-hexa-decanoylamino-3-pyrrolidino-1-propanol-hcl , can significantly impair their capacity to #proliferate upon introduction of full-length wild-type stat5a .
treatment of stat5ab-/-peripheral t cells of different origin with the ganglioside biosynthesis inhibitors fumonisin b1 , d-threo-1-phenyl-2-decanoylamino-3-morpholino-1-propanol or d-1-threo-1-phenyl-2-hexa-decanoylamino-3-pyrrolidino-1-propanol-hcl , has the ability to significantly impair their capacity to #proliferate upon introduction of full-length wild-type stat5a .
stat5ab-/-peripheral t cells are observed to regain the ability to #proliferate upon introduction of full-length wild-type stat5a (figure 6b) .
the androgen responsive prostate cancer cells are characterized by either an increased ability to #proliferate or a diminished capacity to undergo programmed cell death .
treatment of the human placenta of different origin with the ganglioside biosynthesis inhibitors fumonisin b1 , d-threo-1-phenyl-2-decanoylamino-3-morpholino-1-propanol or d-1-threo-1-phenyl-2-hexa-decanoylamino-3-pyrrolidino-1-propanol-hcl , has impaired their capacity to #proliferate throughout gestation .
stat5ab-/-peripheral t cells , which are at rest in normal conditions , can strongly #proliferate upon introduction of full-length wild-type stat5a .
stat5ab-/-peripheral t cells , which are at rest in normal conditions , are observed to #proliferate strongly upon introduction of full-length wild-type stat5a .
stat5ab-/-peripheral t cells , which are at rest in normal conditions , could have #proliferated strongly upon introduction of full-length wild-type stat5a .
treatment of the human placenta of different origin with the ganglioside biosynthesis inhibitors fumonisin b1 , d-threo-1-phenyl-2-decanoylamino-3-morpholino-1-propanol or d-1-threo-1-phenyl-2-hexa-decanoylamino-3-pyrrolidino-1-propanol-hcl , impaired their capacity to #proliferate throughout gestation .
treatment of stat5ab-/-peripheral t cells of different origin with the ganglioside biosynthesis inhibitors fumonisin b1 , d-threo-1-phenyl-2-decanoylamino-3-morpholino-1-propanol or d-1-threo-1-phenyl-2-hexa-decanoylamino-3-pyrrolidino-1-propanol-hcl , impaired their capacity to #proliferate upon introduction of full-length wild-type stat5a .
treatment of the human placenta of different origin with the ganglioside biosynthesis inhibitors fumonisin b1 , d-threo-1-phenyl-2-decanoylamino-3-morpholino-1-propanol or d-1-threo-1-phenyl-2-hexa-decanoylamino-3-pyrrolidino-1-propanol-hcl , will impair their capacity to #proliferate throughout gestation .
stat5ab-/-peripheral t cells , which are at rest in normal conditions , might have #proliferated upon introduction of full-length wild-type stat5a .
stat5ab-/-peripheral t cells , which are at rest in normal conditions , are able to #proliferate strongly upon introduction of full-length wild-type stat5a .
treatment of stat5ab-/-peripheral t cells of different origin with the ganglioside biosynthesis inhibitors fumonisin b1 , d-threo-1-phenyl-2-decanoylamino-3-morpholino-1-propanol or d-1-threo-1-phenyl-2-hexa-decanoylamino-3-pyrrolidino-1-propanol-hcl , is observed to impair their capacity to #proliferate upon introduction of full-length wild-type stat5a .
the human placenta , which are at rest in normal conditions , will #proliferate strongly throughout gestation .
stat5ab-/-peripheral t cells are able to regain the ability to #proliferate indefinitely upon introduction of full-length wild-type stat5a (figure 6b) .
our observations illustrate that stat5ab-/-peripheral t cells has the ability to be endowed with the biochemical machinery to #proliferate upon introduction of full-length wild-type stat5a , yet , there are intrinsic mechanisms that effectively circumscribe the extent and duration of trophoblast proliferation .
our observations illustrate that the human placenta may have been endowed with the biochemical machinery to #proliferate throughout gestation , yet , there are intrinsic mechanisms that effectively circumscribe the extent and duration of trophoblast proliferation .
the human placenta , which are at rest in normal conditions , might have strongly #proliferated throughout gestation .
our observations illustrate that stat5ab-/-peripheral t cells was endowed with the biochemical machinery to #proliferate upon introduction of full-length wild-type stat5a , yet , there are intrinsic mechanisms that effectively circumscribe the extent and duration of trophoblast proliferation .
stat5ab-/-peripheral t cells , which are at rest in normal conditions , are able to #proliferate upon introduction of full-length wild-type stat5a .
treatment of stat5ab-/-peripheral t cells of different origin with the ganglioside biosynthesis inhibitors fumonisin b1 , d-threo-1-phenyl-2-decanoylamino-3-morpholino-1-propanol or d-1-threo-1-phenyl-2-hexa-decanoylamino-3-pyrrolidino-1-propanol-hcl , has significantly impaired their capacity to #proliferate upon introduction of full-length wild-type stat5a .
stat5ab-/-peripheral t cells can regain the ability to #proliferate indefinitely upon introduction of full-length wild-type stat5a (figure 6b) .
stat5ab-/-peripheral t cells , which are at rest in normal conditions , can #proliferate upon introduction of full-length wild-type stat5a .
after androgen withdrawal and antiandrogen treatment , the androgen responsive prostate cancer cells that are able to cease to #proliferate and undergo apoptosis will cause tumor regression .
the human placenta , which are at rest in normal conditions , can #proliferate throughout gestation .
after androgen withdrawal and antiandrogen treatment , the androgen responsive prostate cancer cells are able to cease to #proliferate and undergo apoptosis , causing tumor regression .
after androgen withdrawal and antiandrogen treatment , the androgen responsive prostate cancer cells are observed to cease to #proliferate and undergo apoptosis , causing tumor regression .
our observations illustrate that the human placenta is able to be endowed with the biochemical machinery to #proliferate indefinitely throughout gestation , yet , there are intrinsic mechanisms that effectively circumscribe the extent and duration of trophoblast proliferation .
after androgen withdrawal and antiandrogen treatment , the androgen responsive prostate cancer cells will cease to #proliferate and undergo apoptosis , causing tumor regression .
the human placenta , which are at rest in normal conditions , are able to #proliferate throughout gestation .
our observations illustrate that stat5ab-/-peripheral t cells is shown to be endowed with the biochemical machinery to #proliferate indefinitely upon introduction of full-length wild-type stat5a , yet , there are intrinsic mechanisms that effectively circumscribe the extent and duration of trophoblast proliferation .
our observations illustrate that the human placenta was endowed with the biochemical machinery to #proliferate indefinitely throughout gestation , yet , there are intrinsic mechanisms that effectively circumscribe the extent and duration of trophoblast proliferation .
treatment of stat5ab-/-peripheral t cells of different origin with the ganglioside biosynthesis inhibitors fumonisin b1 , d-threo-1-phenyl-2-decanoylamino-3-morpholino-1-propanol or d-1-threo-1-phenyl-2-hexa-decanoylamino-3-pyrrolidino-1-propanol-hcl , is able to significantly impair their capacity to #proliferate upon introduction of full-length wild-type stat5a .
stat5ab-/-peripheral t cells , which are at rest in normal conditions , may strongly #proliferate upon introduction of full-length wild-type stat5a .
our observations illustrate that stat5ab-/-peripheral t cells is endowed with the biochemical machinery to #proliferate indefinitely upon introduction of full-length wild-type stat5a , yet , there are intrinsic mechanisms that effectively circumscribe the extent and duration of trophoblast proliferation .
stat5ab-/-peripheral t cells , which are at rest in normal conditions , #proliferated upon introduction of full-length wild-type stat5a .
the androgen responsive prostate cancer cells can be characterized by either an increased ability to #proliferate or a diminished capacity to undergo programmed cell death .
our observations illustrate that stat5ab-/-peripheral t cells can be endowed with the biochemical machinery to #proliferate indefinitely upon introduction of full-length wild-type stat5a , yet , there are intrinsic mechanisms that effectively circumscribe the extent and duration of trophoblast proliferation .
the androgen responsive prostate cancer cells has been characterized by either an increased ability to strongly #proliferate or a diminished capacity to undergo programmed cell death .
our observations illustrate that stat5ab-/-peripheral t cells is shown to be endowed with the biochemical machinery to #proliferate upon introduction of full-length wild-type stat5a , yet , there are intrinsic mechanisms that effectively circumscribe the extent and duration of trophoblast proliferation .
the androgen responsive prostate cancer cells was characterized by either an increased ability to strongly #proliferate or a diminished capacity to undergo programmed cell death .
our observations illustrate that stat5ab-/-peripheral t cells was endowed with the biochemical machinery to #proliferate indefinitely upon introduction of full-length wild-type stat5a , yet , there are intrinsic mechanisms that effectively circumscribe the extent and duration of trophoblast proliferation .
stat5ab-/-peripheral t cells , which are at rest in normal conditions , have #proliferated upon introduction of full-length wild-type stat5a .
the human placenta , which are at rest in normal conditions , have #proliferated throughout gestation .
treatment of the human placenta of different origin with the ganglioside biosynthesis inhibitors fumonisin b1 , d-threo-1-phenyl-2-decanoylamino-3-morpholino-1-propanol or d-1-threo-1-phenyl-2-hexa-decanoylamino-3-pyrrolidino-1-propanol-hcl , is able to impair their capacity to #proliferate throughout gestation .
treatment of the human placenta of different origin with the ganglioside biosynthesis inhibitors fumonisin b1 , d-threo-1-phenyl-2-decanoylamino-3-morpholino-1-propanol or d-1-threo-1-phenyl-2-hexa-decanoylamino-3-pyrrolidino-1-propanol-hcl , has significantly impaired their capacity to #proliferate throughout gestation .
our observations illustrate that the human placenta can be endowed with the biochemical machinery to #proliferate indefinitely throughout gestation , yet , there are intrinsic mechanisms that effectively circumscribe the extent and duration of trophoblast proliferation .
stat5ab-/-peripheral t cells have the probability of regaining the ability to #proliferate indefinitely upon introduction of full-length wild-type stat5a (figure 6b) .
the human placenta may have regained the ability to #proliferate throughout gestation (figure 6b) .
after androgen withdrawal and antiandrogen treatment , the androgen responsive prostate cancer cells have ceased to #proliferate and underwent apoptosis , causing tumor regression .
the androgen responsive prostate cancer cells wil be characterized by either an increased ability for strong #proliferating or a diminished capacity to undergo programmed cell death .
treatment of the human placenta of different origin with the ganglioside biosynthesis inhibitors fumonisin b1 , d-threo-1-phenyl-2-decanoylamino-3-morpholino-1-propanol or d-1-threo-1-phenyl-2-hexa-decanoylamino-3-pyrrolidino-1-propanol-hcl , is observed to significantly impair their capacity to #proliferate throughout gestation .
the human placenta , which are at rest in normal conditions , could have strongly #proliferated throughout gestation .
stat5ab-/-peripheral t cells , which are at rest in normal conditions , will strongly #proliferate upon introduction of full-length wild-type stat5a .
the human placenta , which are at rest in normal conditions , #proliferated strongly throughout gestation .
our observations illustrate that the human placenta will be endowed with the biochemical machinery to #proliferate throughout gestation , yet , there are intrinsic mechanisms that effectively circumscribe the extent and duration of trophoblast proliferation .
treatment of the human placenta of different origin with the ganglioside biosynthesis inhibitors fumonisin b1 , d-threo-1-phenyl-2-decanoylamino-3-morpholino-1-propanol or d-1-threo-1-phenyl-2-hexa-decanoylamino-3-pyrrolidino-1-propanol-hcl , will significantly impair their capacity to #proliferate throughout gestation .
the human placenta will regain the ability to #proliferate indefinitely throughout gestation (figure 6b) .
stat5ab-/-peripheral t cells will regain the ability to #proliferate upon introduction of full-length wild-type stat5a (figure 6b) .
our observations illustrate that the human placenta may have been endowed with the biochemical machinery to #proliferate indefinitely throughout gestation , yet , there are intrinsic mechanisms that effectively circumscribe the extent and duration of trophoblast proliferation .
the androgen responsive prostate cancer cells can be characterized by either an increased ability to strongly #proliferate or a diminished capacity to undergo programmed cell death .
stat5ab-/-peripheral t cells , which are at rest in normal conditions , might have #proliferated strongly upon introduction of full-length wild-type stat5a .
the androgen responsive prostate cancer cells wil be characterized by either an increased ability for #proliferating or a diminished capacity to undergo programmed cell death .
stat5ab-/-peripheral t cells have the probability of regaining the ability to #proliferate upon introduction of full-length wild-type stat5a (figure 6b) .
stat5ab-/-peripheral t cells have regained the ability to #proliferate indefinitely upon introduction of full-length wild-type stat5a (figure 6b) .
our observations illustrate that the human placenta is shown to be endowed with the biochemical machinery to #proliferate indefinitely throughout gestation , yet , there are intrinsic mechanisms that effectively circumscribe the extent and duration of trophoblast proliferation .
the human placenta , which are at rest in normal conditions , have strongly #proliferated throughout gestation .
our observations illustrate that stat5ab-/-peripheral t cells has the ability to be endowed with the biochemical machinery to #proliferate indefinitely upon introduction of full-length wild-type stat5a , yet , there are intrinsic mechanisms that effectively circumscribe the extent and duration of trophoblast proliferation .
our observations illustrate that stat5ab-/-peripheral t cells will be endowed with the biochemical machinery to #proliferate indefinitely upon introduction of full-length wild-type stat5a , yet , there are intrinsic mechanisms that effectively circumscribe the extent and duration of trophoblast proliferation .
our observations illustrate that stat5ab-/-peripheral t cells has been endowed with the biochemical machinery to #proliferate indefinitely upon introduction of full-length wild-type stat5a , yet , there are intrinsic mechanisms that effectively circumscribe the extent and duration of trophoblast proliferation .
after androgen withdrawal and antiandrogen treatment , the androgen responsive prostate cancer cells have the ability to cease to #proliferate and undergo apoptosis , causing tumor regression .
the human placenta , which are at rest in normal conditions , might have #proliferated throughout gestation .
the androgen responsive prostate cancer cells are believed to be characterized by either an increased ability to strongly #proliferate or a diminished capacity to undergo programmed cell death .
the human placenta , which are at rest in normal conditions , could have #proliferated throughout gestation .
our observations illustrate that the human placenta was endowed with the biochemical machinery to #proliferate throughout gestation , yet , there are intrinsic mechanisms that effectively circumscribe the extent and duration of trophoblast proliferation .
stat5ab-/-peripheral t cells have regained the ability to #proliferate upon introduction of full-length wild-type stat5a (figure 6b) .
treatment of the human placenta of different origin with the ganglioside biosynthesis inhibitors fumonisin b1 , d-threo-1-phenyl-2-decanoylamino-3-morpholino-1-propanol or d-1-threo-1-phenyl-2-hexa-decanoylamino-3-pyrrolidino-1-propanol-hcl , can significantly impair their capacity to #proliferate throughout gestation .
the androgen responsive prostate cancer cells was characterized by either an increased ability to #proliferate or a diminished capacity to undergo programmed cell death .
the human placenta can regain the ability to #proliferate indefinitely throughout gestation (figure 6b) .
our observations illustrate that the human placenta will be endowed with the biochemical machinery to #proliferate indefinitely throughout gestation , yet , there are intrinsic mechanisms that effectively circumscribe the extent and duration of trophoblast proliferation .
the human placenta regained the ability to #proliferate indefinitely throughout gestation (figure 6b) .
treatment of the human placenta of different origin with the ganglioside biosynthesis inhibitors fumonisin b1 , d-threo-1-phenyl-2-decanoylamino-3-morpholino-1-propanol or d-1-threo-1-phenyl-2-hexa-decanoylamino-3-pyrrolidino-1-propanol-hcl , can impair their capacity to #proliferate throughout gestation .
the human placenta , which are at rest in normal conditions , have the ability to #proliferate strongly throughout gestation .
after androgen withdrawal and antiandrogen treatment , the androgen responsive prostate cancer cells may cease to #proliferate and undergo apoptosis , causing tumor regression .
after androgen withdrawal and antiandrogen treatment , the androgen responsive prostate cancer cells that have the ability to cease to #proliferate and undergo apoptosis will cause tumor regression .
after androgen withdrawal and antiandrogen treatment , the androgen responsive prostate cancer cells having ceased to #proliferate and undergo apoptosis caused tumor regression .
treatment of the human placenta of different origin with the ganglioside biosynthesis inhibitors fumonisin b1 , d-threo-1-phenyl-2-decanoylamino-3-morpholino-1-propanol or d-1-threo-1-phenyl-2-hexa-decanoylamino-3-pyrrolidino-1-propanol-hcl , impairs their capacity to #proliferate throughout gestation .
after androgen withdrawal and antiandrogen treatment , the androgen responsive prostate cancer cells that may cease to #proliferate and undergo apoptosis will cause tumor regression .
stat5ab-/-peripheral t cells , which are at rest in normal conditions , can #proliferate strongly upon introduction of full-length wild-type stat5a .
stat5ab-/-peripheral t cells , which are at rest in normal conditions , #proliferated strongly upon introduction of full-length wild-type stat5a .
stat5ab-/-peripheral t cells , which are at rest in normal conditions , have the ability to #proliferate strongly upon introduction of full-length wild-type stat5a .
treatment of the human placenta of different origin with the ganglioside biosynthesis inhibitors fumonisin b1 , d-threo-1-phenyl-2-decanoylamino-3-morpholino-1-propanol or d-1-threo-1-phenyl-2-hexa-decanoylamino-3-pyrrolidino-1-propanol-hcl , is able to significantly impair their capacity to #proliferate throughout gestation .
